{
    "CENTRO DE TESTAGEM E ACONSELHAMENTO HIPERCENTRO": {
        "ENFERMEIRO": 0.0,
        "TECNICO DE ENFERMAGEM": 0.0
    },
    "UNIDADE DE PRONTO ATENDIMENTO BARREIRO": {
        "ENFERMEIRO": 0.0,
        "MEDICO CLINICO": 0.0,
        "TECNICO DE ENFERMAGEM": 0.0
    },
    "UNIDADE DE PRONTO ATENDIMENTO CENTRO SUL": {
        "ENFERMEIRO": 6.925,
        "MEDICO CLINICO": 12.225,
        "TECNICO DE ENFERMAGEM": 23.1
    },
    "UNIDADE DE PRONTO ATENDIMENTO LESTE": {
        "ENFERMEIRO": 0.0,
        "MEDICO CLINICO": 0.0,
        "TECNICO DE ENFERMAGEM": 0.0
    },
    "UNIDADE DE PRONTO ATENDIMENTO NORDESTE": {
        "ENFERMEIRO": 0.0,
        "MEDICO CLINICO": 0.0,
        "TECNICO DE ENFERMAGEM": 0.0
    },
    "UNIDADE DE PRONTO ATENDIMENTO NOROESTE II HOB": {
        "ENFERMEIRO": 0.0,
        "MEDICO CLINICO": 2.625,
        "TECNICO DE ENFERMAGEM": 3.25
    },
    "UNIDADE DE PRONTO ATENDIMENTO NORTE": {
        "ENFERMEIRO": 0.0,
        "MEDICO CLINICO": 0.0,
        "TECNICO DE ENFERMAGEM": 0.0
    },
    "UNIDADE DE PRONTO ATENDIMENTO OESTE": {
        "ENFERMEIRO": 0.0,
        "MEDICO CLINICO": 0.0,
        "TECNICO DE ENFERMAGEM": 0.0
    },
    "UNIDADE DE PRONTO ATENDIMENTO PAMPULHA": {
        "ENFERMEIRO": 0.0,
        "MEDICO CLINICO": 0.0,
        "TECNICO DE ENFERMAGEM": 0.0
    },
    "UNIDADE DE PRONTO ATENDIMENTO VENDA NOVA": {
        "ENFERMEIRO": 0.0,
        "MEDICO CLINICO": 0.0,
        "TECNICO DE ENFERMAGEM": 0.0
    },
    "UNIDADE DE REFERENCIA SECUNDARIA CAMPOS SALES": {
        "ENFERMEIRO": 0.0,
        "MEDICO CLINICO": 0.0,
        "TECNICO DE ENFERMAGEM": 0.0
    },
    "UNIDADE DE REFERENCIA SECUNDARIA CENTRO SUL": {
        "ENFERMEIRO": 0.0,
        "MEDICO CLINICO": 0.0,
        "TECNICO DE ENFERMAGEM": 0.0
    },
    "UNIDADE DE REFERENCIA SECUNDARIA PADRE EUSTAQUIO": {
        "ENFERMEIRO": 0.0,
        "MEDICO CLINICO": 0.0,
        "TECNICO DE ENFERMAGEM": 0.0
    },
    "UNIDADE DE REFERENCIA SECUNDARIA SAGRADA FAMILIA": {
        "ENFERMEIRO": 0.0,
        "MEDICO CLINICO": 0.0,
        "TECNICO DE ENFERMAGEM": 0.0
    },
    "UNIDADE DE REFERENCIA SECUNDARIA SAUDADE": {
        "ENFERMEIRO": 0.0,
        "TECNICO DE ENFERMAGEM": 0.0
    }
}