{
    "ASSOCIACAO MARIO PENNA": {
        "AUXILIAR DE ENFERMAGEM": 254.925,
        "ENFERMEIRO": 262.05,
        "FISIOTERAPEUTA GERAL": 39.550000000000004,
        "MEDICO ANESTESIOLOGISTA": 2.775,
        "MEDICO CLINICO": 34.300000000000004,
        "MEDICO RESIDENTE": 8.2,
        "TECNICO DE ENFERMAGEM": 763.95,
        "TECNICO EM PATOLOGIA CLINICA": 7.95,
        "TECNICO EM RADIOLOGIA E IMAGENOLOGIA": 28.4
    },
    "BIOCOR INSTITUTO": {
        "AUXILIAR DE ENFERMAGEM": 2.1,
        "ENFERMEIRO": 50.95,
        "FISIOTERAPEUTA GERAL": 1.15,
        "MEDICO ANESTESIOLOGISTA": 0.9500000000000001,
        "MEDICO CLINICO": 4.575,
        "MEDICO PEDIATRA": 0.07500000000000001,
        "TECNICO DE ENFERMAGEM": 114.325,
        "TECNICO EM PATOLOGIA CLINICA": 0.0,
        "TECNICO EM RADIOLOGIA E IMAGENOLOGIA": 1.4000000000000001
    },
    "CENTRO OFTALMOLOGICO DE MINAS GERAIS": {
        "AUXILIAR DE ENFERMAGEM": 0.0,
        "ENFERMEIRO": 7.4,
        "MEDICO ANESTESIOLOGISTA": 5.25,
        "MEDICO CLINICO": 0.05,
        "TECNICO DE ENFERMAGEM": 13.725000000000001
    },
    "CLINICA DE TRANSICAO PAULO DE TARSO": {
        "AUXILIAR DE ENFERMAGEM": 2.2,
        "ENFERMEIRO": 37.900000000000006,
        "FISIOTERAPEUTA GERAL": 18.275,
        "MEDICO CLINICO": 36.0,
        "TECNICO DE ENFERMAGEM": 139.75,
        "TECNICO EM PATOLOGIA CLINICA": 2.3,
        "TECNICO EM RADIOLOGIA E IMAGENOLOGIA": 0.5
    },
    "COMPLEXO HOSPITALAR SAO FRANCISCO": {
        "AUXILIAR DE ENFERMAGEM": 1.3,
        "ENFERMEIRO": 83.275,
        "FISIOTERAPEUTA GERAL": 2.025,
        "MEDICO ANESTESIOLOGISTA": 6.775,
        "MEDICO CLINICO": 29.825,
        "MEDICO RESIDENTE": 14.25,
        "TECNICO DE ENFERMAGEM": 382.52500000000003,
        "TECNICO EM PATOLOGIA CLINICA": 8.850000000000001,
        "TECNICO EM RADIOLOGIA E IMAGENOLOGIA": 7.075
    },
    "CTC SAO LUCAS": {
        "AUXILIAR DE ENFERMAGEM": 0.0,
        "ENFERMEIRO": 0.0,
        "MEDICO ANESTESIOLOGISTA": 0.0,
        "TECNICO DE ENFERMAGEM": 0.0
    },
    "HOSP DAS CLINICAS DA UNIV FED DE MINAS GERAIS EBSERH": {
        "AUXILIAR DE ENFERMAGEM": 72.5,
        "ENFERMEIRO": 223.35,
        "FISIOTERAPEUTA GERAL": 36.525,
        "MEDICO ANESTESIOLOGISTA": 37.199999999999996,
        "MEDICO CLINICO": 70.25,
        "MEDICO PEDIATRA": 43.65,
        "MEDICO RESIDENTE": 413.825,
        "TECNICO DE ENFERMAGEM": 359.775,
        "TECNICO EM PATOLOGIA CLINICA": 50.675,
        "TECNICO EM RADIOLOGIA E IMAGENOLOGIA": 14.5
    },
    "HOSPITAL ALBERTO CAVALCANTI": {
        "AUXILIAR DE ENFERMAGEM": 34.25,
        "ENFERMEIRO": 34.975,
        "FISIOTERAPEUTA GERAL": 3.0,
        "MEDICO ANESTESIOLOGISTA": 3.85,
        "MEDICO CLINICO": 8.9,
        "MEDICO RESIDENTE": 22.5,
        "TECNICO DE ENFERMAGEM": 152.675,
        "TECNICO EM PATOLOGIA CLINICA": 14.15,
        "TECNICO EM RADIOLOGIA E IMAGENOLOGIA": 10.75
    },
    "HOSPITAL DA BALEIA": {
        "AUXILIAR DE ENFERMAGEM": 6.300000000000001,
        "ENFERMEIRO": 48.300000000000004,
        "FISIOTERAPEUTA GERAL": 14.025,
        "MEDICO ANESTESIOLOGISTA": 6.9750000000000005,
        "MEDICO CLINICO": 33.925000000000004,
        "MEDICO PEDIATRA": 4.8,
        "MEDICO RESIDENTE": 3.4,
        "TECNICO DE ENFERMAGEM": 222.025,
        "TECNICO EM PATOLOGIA CLINICA": 9.975,
        "TECNICO EM RADIOLOGIA E IMAGENOLOGIA": 5.85
    },
    "HOSPITAL EDUARDO DE MENEZES": {
        "AUXILIAR DE ENFERMAGEM": 3.625,
        "ENFERMEIRO": 29.875,
        "FISIOTERAPEUTA GERAL": 6.75,
        "MEDICO ANESTESIOLOGISTA": 0.44999999999999996,
        "MEDICO CLINICO": 2.9,
        "MEDICO PEDIATRA": 0.3,
        "MEDICO RESIDENTE": 25.05,
        "TECNICO DE ENFERMAGEM": 122.75,
        "TECNICO EM PATOLOGIA CLINICA": 12.15,
        "TECNICO EM RADIOLOGIA E IMAGENOLOGIA": 3.475
    },
    "HOSPITAL EVANGELICO DE BELO HORIZONTE": {
        "AUXILIAR DE ENFERMAGEM": 3.85,
        "ENFERMEIRO": 58.875,
        "FISIOTERAPEUTA GERAL": 5.875,
        "MEDICO ANESTESIOLOGISTA": 7.050000000000001,
        "MEDICO CLINICO": 8.45,
        "MEDICO RESIDENTE": 42.75,
        "TECNICO DE ENFERMAGEM": 195.025,
        "TECNICO EM PATOLOGIA CLINICA": 10.5,
        "TECNICO EM RADIOLOGIA E IMAGENOLOGIA": 4.25
    },
    "HOSPITAL FELICIO ROCHO": {
        "AUXILIAR DE ENFERMAGEM": 27.900000000000002,
        "ENFERMEIRO": 115.22500000000001,
        "FISIOTERAPEUTA GERAL": 16.175,
        "MEDICO ANESTESIOLOGISTA": 12.2,
        "MEDICO CLINICO": 54.2,
        "MEDICO PEDIATRA": 10.600000000000001,
        "MEDICO RESIDENTE": 0.1,
        "TECNICO DE ENFERMAGEM": 453.5,
        "TECNICO EM PATOLOGIA CLINICA": 2.9000000000000004,
        "TECNICO EM RADIOLOGIA E IMAGENOLOGIA": 5.525
    },
    "HOSPITAL INFANTIL PADRE ANCHIETA": {
        "AUXILIAR DE ENFERMAGEM": 4.1,
        "ENFERMEIRO": 16.25,
        "FISIOTERAPEUTA GERAL": 0.15,
        "MEDICO ANESTESIOLOGISTA": 0.525,
        "MEDICO CLINICO": 0.05,
        "MEDICO PEDIATRA": 5.4,
        "TECNICO DE ENFERMAGEM": 16.25,
        "TECNICO EM RADIOLOGIA E IMAGENOLOGIA": 0.25
    },
    "HOSPITAL JOAO XXIII": {
        "AUXILIAR DE ENFERMAGEM": 171.25,
        "ENFERMEIRO": 205.55,
        "FISIOTERAPEUTA GERAL": 47.4,
        "MEDICO ANESTESIOLOGISTA": 17.925,
        "MEDICO CLINICO": 104.02499999999999,
        "MEDICO PEDIATRA": 27.45,
        "MEDICO RESIDENTE": 42.8,
        "TECNICO DE ENFERMAGEM": 797.375,
        "TECNICO EM PATOLOGIA CLINICA": 38.025,
        "TECNICO EM RADIOLOGIA E IMAGENOLOGIA": 31.849999999999998
    },
    "HOSPITAL MADRE TERESA": {
        "AUXILIAR DE ENFERMAGEM": 3.3000000000000003,
        "ENFERMEIRO": 80.72500000000001,
        "FISIOTERAPEUTA GERAL": 3.15,
        "MEDICO ANESTESIOLOGISTA": 1.375,
        "MEDICO CLINICO": 6.550000000000001,
        "TECNICO DE ENFERMAGEM": 343.70000000000005,
        "TECNICO EM PATOLOGIA CLINICA": 3.95,
        "TECNICO EM RADIOLOGIA E IMAGENOLOGIA": 14.399999999999999
    },
    "HOSPITAL METROPOLITANO DOUTOR CELIO DE CASTRO HMDCC": {
        "AUXILIAR DE ENFERMAGEM": 16.0,
        "ENFERMEIRO": 77.60000000000001,
        "FISIOTERAPEUTA GERAL": 4.05,
        "MEDICO ANESTESIOLOGISTA": 10.95,
        "MEDICO CLINICO": 27.4,
        "MEDICO RESIDENTE": 36.975,
        "TECNICO DE ENFERMAGEM": 349.2,
        "TECNICO EM PATOLOGIA CLINICA": 23.825,
        "TECNICO EM RADIOLOGIA E IMAGENOLOGIA": 11.549999999999999
    },
    "HOSPITAL METROPOLITANO ODILON BEHRENS HOB": {
        "AUXILIAR DE ENFERMAGEM": 32.3,
        "ENFERMEIRO": 142.2,
        "FISIOTERAPEUTA GERAL": 39.1,
        "MEDICO ANESTESIOLOGISTA": 26.95,
        "MEDICO CLINICO": 56.699999999999996,
        "MEDICO PEDIATRA": 58.85,
        "MEDICO RESIDENTE": 87.0,
        "TECNICO DE ENFERMAGEM": 599.725,
        "TECNICO EM PATOLOGIA CLINICA": 40.15,
        "TECNICO EM RADIOLOGIA E IMAGENOLOGIA": 14.299999999999999
    },
    "HOSPITAL RISOLETA TOLENTINO NEVES": {
        "AUXILIAR DE ENFERMAGEM": 0.55,
        "ENFERMEIRO": 111.25,
        "FISIOTERAPEUTA GERAL": 24.55,
        "MEDICO ANESTESIOLOGISTA": 8.725,
        "MEDICO CLINICO": 35.45,
        "MEDICO PEDIATRA": 7.925,
        "MEDICO RESIDENTE": 50.25,
        "TECNICO DE ENFERMAGEM": 398.45000000000005,
        "TECNICO EM PATOLOGIA CLINICA": 27.975,
        "TECNICO EM RADIOLOGIA E IMAGENOLOGIA": 15.0
    },
    "HOSPITAL SOFIA FELDMAN": {
        "AUXILIAR DE ENFERMAGEM": 0.9,
        "ENFERMEIRO": 70.675,
        "FISIOTERAPEUTA GERAL": 24.125,
        "MEDICO ANESTESIOLOGISTA": 5.6,
        "MEDICO CLINICO": 0.375,
        "MEDICO PEDIATRA": 35.55,
        "MEDICO RESIDENTE": 1.0,
        "TECNICO DE ENFERMAGEM": 410.15,
        "TECNICO EM PATOLOGIA CLINICA": 0.0,
        "TECNICO EM RADIOLOGIA E IMAGENOLOGIA": 0.0
    },
    "HOSPITAL UNIVERSITARIO CIENCIAS MEDICAS": {
        "AUXILIAR DE ENFERMAGEM": 7.15,
        "ENFERMEIRO": 44.875,
        "FISIOTERAPEUTA GERAL": 10.6,
        "MEDICO ANESTESIOLOGISTA": 21.175,
        "MEDICO CLINICO": 21.55,
        "MEDICO PEDIATRA": 14.25,
        "MEDICO RESIDENTE": 0.8500000000000001,
        "TECNICO DE ENFERMAGEM": 171.3,
        "TECNICO EM PATOLOGIA CLINICA": 0.55,
        "TECNICO EM RADIOLOGIA E IMAGENOLOGIA": 6.85
    },
    "INSTITUTO RAUL SOARES": {
        "AUXILIAR DE ENFERMAGEM": 19.5,
        "ENFERMEIRO": 10.375,
        "MEDICO ANESTESIOLOGISTA": 0.15,
        "MEDICO CLINICO": 1.5,
        "MEDICO RESIDENTE": 24.75,
        "TECNICO DE ENFERMAGEM": 71.375
    },
    "SANTA CASA DE BELO HORIZONTE": {
        "AUXILIAR DE ENFERMAGEM": 70.175,
        "ENFERMEIRO": 554.525,
        "FISIOTERAPEUTA GERAL": 152.2,
        "MEDICO ANESTESIOLOGISTA": 59.925000000000004,
        "MEDICO CLINICO": 102.625,
        "MEDICO PEDIATRA": 28.8,
        "MEDICO RESIDENTE": 66.75,
        "TECNICO DE ENFERMAGEM": 2262.375,
        "TECNICO EM PATOLOGIA CLINICA": 15.475,
        "TECNICO EM RADIOLOGIA E IMAGENOLOGIA": 69.05
    },
    "IMOL INSTITUTO MINEIRO DE OLHOS": {
        "ENFERMEIRO": 0.5,
        "TECNICO DE ENFERMAGEM": 0.25
    },
    "SOCOR": {
        "MEDICO CLINICO": 0.75
    }
}