{
    "CENTRO DE SAUDE AARAO REIS": {
        "AUXILIAR DE ENFERMAGEM": 0.0,
        "ENFERMEIRO": 0.0,
        "MEDICO PEDIATRA": 0.0,
        "TECNICO DE ENFERMAGEM": 0.0
    },
    "CENTRO DE SAUDE ALAMEDA DOS IPES": {
        "AUXILIAR DE ENFERMAGEM": 0.0,
        "ENFERMEIRO": 0.0,
        "MEDICO PEDIATRA": 0.0,
        "TECNICO DE ENFERMAGEM": 0.0
    },
    "CENTRO DE SAUDE AMILCAR VIANNA MARTINS": {
        "AUXILIAR DE ENFERMAGEM": 0.0,
        "ENFERMEIRO": 0.0,
        "MEDICO PEDIATRA": 0.0,
        "TECNICO DE ENFERMAGEM": 0.0
    },
    "CENTRO DE SAUDE ANDRADAS": {
        "AUXILIAR DE ENFERMAGEM": 0.0,
        "ENFERMEIRO": 0.0,
        "MEDICO PEDIATRA": 0.0,
        "TECNICO DE ENFERMAGEM": 0.0
    },
    "CENTRO DE SAUDE BARREIRO DE CIMA": {
        "AUXILIAR DE ENFERMAGEM": 0.0,
        "ENFERMEIRO": 0.0,
        "FISIOTERAPEUTA GERAL": 0.0,
        "TECNICO DE ENFERMAGEM": 0.0
    },
    "CENTRO DE SAUDE BETANIA": {
        "AUXILIAR DE ENFERMAGEM": 0.0,
        "ENFERMEIRO": 0.0,
        "MEDICO PEDIATRA": 0.0,
        "TECNICO DE ENFERMAGEM": 0.0
    },
    "CENTRO DE SAUDE BOA VISTA": {
        "AUXILIAR DE ENFERMAGEM": 0.0,
        "ENFERMEIRO": 0.0,
        "MEDICO PEDIATRA": 0.0,
        "TECNICO DE ENFERMAGEM": 0.0
    },
    "CENTRO DE SAUDE BOM JESUS": {
        "AUXILIAR DE ENFERMAGEM": 0.0,
        "ENFERMEIRO": 0.0,
        "FISIOTERAPEUTA GERAL": 0.0,
        "TECNICO DE ENFERMAGEM": 0.0
    },
    "CENTRO DE SAUDE BONSUCESSO": {
        "AUXILIAR DE ENFERMAGEM": 0.0,
        "ENFERMEIRO": 0.0,
        "FISIOTERAPEUTA GERAL": 0.0,
        "MEDICO RESIDENTE": 0.0,
        "TECNICO DE ENFERMAGEM": 0.0
    },
    "CENTRO DE SAUDE CABANA": {
        "AUXILIAR DE ENFERMAGEM": 0.0,
        "ENFERMEIRO": 0.0,
        "FISIOTERAPEUTA GERAL": 0.0,
        "MEDICO PEDIATRA": 0.0,
        "TECNICO DE ENFERMAGEM": 0.0
    },
    "CENTRO DE SAUDE CACHOEIRINHA": {
        "AUXILIAR DE ENFERMAGEM": 0.0,
        "ENFERMEIRO": 0.0,
        "FISIOTERAPEUTA GERAL": 0.0,
        "MEDICO PEDIATRA": 0.0,
        "MEDICO RESIDENTE": 0.0,
        "TECNICO DE ENFERMAGEM": 0.0
    },
    "CENTRO DE SAUDE CAFEZAL": {
        "AUXILIAR DE ENFERMAGEM": 0.0,
        "ENFERMEIRO": 0.0,
        "MEDICO RESIDENTE": 0.0,
        "TECNICO DE ENFERMAGEM": 0.0
    },
    "CENTRO DE SAUDE CALIFORNIA": {
        "AUXILIAR DE ENFERMAGEM": 0.0,
        "ENFERMEIRO": 0.0,
        "FISIOTERAPEUTA GERAL": 0.0,
        "MEDICO RESIDENTE": 0.0,
        "TECNICO DE ENFERMAGEM": 0.0
    },
    "CENTRO DE SAUDE CAMARGOS": {
        "AUXILIAR DE ENFERMAGEM": 0.0,
        "ENFERMEIRO": 0.0,
        "MEDICO PEDIATRA": 0.0,
        "TECNICO DE ENFERMAGEM": 0.0
    },
    "CENTRO DE SAUDE CAMPO ALEGRE": {
        "AUXILIAR DE ENFERMAGEM": 0.0,
        "ENFERMEIRO": 0.0,
        "MEDICO PEDIATRA": 0.0,
        "TECNICO DE ENFERMAGEM": 0.0
    },
    "CENTRO DE SAUDE CAPITAO EDUARDO": {
        "AUXILIAR DE ENFERMAGEM": 0.0,
        "ENFERMEIRO": 0.0,
        "TECNICO DE ENFERMAGEM": 0.0
    },
    "CENTRO DE SAUDE CARLOS CHAGAS": {
        "AUXILIAR DE ENFERMAGEM": 0.0,
        "ENFERMEIRO": 0.0,
        "MEDICO PEDIATRA": 0.0,
        "TECNICO DE ENFERMAGEM": 0.0
    },
    "CENTRO DE SAUDE CARLOS PRATES": {
        "AUXILIAR DE ENFERMAGEM": 0.0,
        "ENFERMEIRO": 0.0,
        "MEDICO PEDIATRA": 0.0,
        "MEDICO RESIDENTE": 0.0,
        "TECNICO DE ENFERMAGEM": 0.0
    },
    "CENTRO DE SAUDE CARLOS RENATO DIAS": {
        "AUXILIAR DE ENFERMAGEM": 0.0,
        "ENFERMEIRO": 0.0,
        "FISIOTERAPEUTA GERAL": 0.0,
        "MEDICO PEDIATRA": 0.0,
        "TECNICO DE ENFERMAGEM": 0.0
    },
    "CENTRO DE SAUDE CEU AZUL": {
        "AUXILIAR DE ENFERMAGEM": 0.0,
        "ENFERMEIRO": 0.0,
        "FISIOTERAPEUTA GERAL": 0.0,
        "MEDICO PEDIATRA": 0.0,
        "TECNICO DE ENFERMAGEM": 0.0
    },
    "CENTRO DE SAUDE CICERO ILDEFONSO": {
        "AUXILIAR DE ENFERMAGEM": 0.0,
        "ENFERMEIRO": 0.0,
        "FISIOTERAPEUTA GERAL": 0.0,
        "MEDICO PEDIATRA": 0.0,
        "MEDICO RESIDENTE": 0.0,
        "TECNICO DE ENFERMAGEM": 0.0
    },
    "CENTRO DE SAUDE CIDADE OZANAN": {
        "AUXILIAR DE ENFERMAGEM": 0.0,
        "ENFERMEIRO": 0.0,
        "MEDICO PEDIATRA": 0.0,
        "TECNICO DE ENFERMAGEM": 0.0
    },
    "CENTRO DE SAUDE CONFISCO": {
        "AUXILIAR DE ENFERMAGEM": 0.0,
        "ENFERMEIRO": 0.0,
        "FISIOTERAPEUTA GERAL": 0.0,
        "MEDICO PEDIATRA": 0.0,
        "TECNICO DE ENFERMAGEM": 0.0
    },
    "CENTRO DE SAUDE CONJUNTO BETANIA": {
        "AUXILIAR DE ENFERMAGEM": 0.0,
        "ENFERMEIRO": 0.0,
        "FISIOTERAPEUTA GERAL": 0.0,
        "MEDICO PEDIATRA": 0.0,
        "MEDICO RESIDENTE": 0.0,
        "TECNICO DE ENFERMAGEM": 0.0
    },
    "CENTRO DE SAUDE CONJUNTO SANTA MARIA": {
        "AUXILIAR DE ENFERMAGEM": 0.0,
        "ENFERMEIRO": 0.0,
        "MEDICO PEDIATRA": 0.0,
        "TECNICO DE ENFERMAGEM": 0.0
    },
    "CENTRO DE SAUDE COPACABANA": {
        "AUXILIAR DE ENFERMAGEM": 0.0,
        "ENFERMEIRO": 0.0,
        "FISIOTERAPEUTA GERAL": 0.0,
        "MEDICO PEDIATRA": 0.0,
        "TECNICO DE ENFERMAGEM": 0.0
    },
    "CENTRO DE SAUDE COQUEIROS": {
        "AUXILIAR DE ENFERMAGEM": 0.0,
        "ENFERMEIRO": 0.0,
        "FISIOTERAPEUTA GERAL": 0.0,
        "MEDICO RESIDENTE": 0.0,
        "TECNICO DE ENFERMAGEM": 0.0
    },
    "CENTRO DE SAUDE DIAMANTE TEIXEIRA DIAS": {
        "AUXILIAR DE ENFERMAGEM": 0.0,
        "ENFERMEIRO": 0.0,
        "TECNICO DE ENFERMAGEM": 0.0
    },
    "CENTRO DE SAUDE DOM BOSCO": {
        "AUXILIAR DE ENFERMAGEM": 0.0,
        "ENFERMEIRO": 0.0,
        "MEDICO PEDIATRA": 0.0,
        "TECNICO DE ENFERMAGEM": 0.0
    },
    "CENTRO DE SAUDE DOM CABRAL": {
        "AUXILIAR DE ENFERMAGEM": 0.0,
        "ENFERMEIRO": 0.0,
        "TECNICO DE ENFERMAGEM": 0.0
    },
    "CENTRO DE SAUDE DOM JOAQUIM": {
        "AUXILIAR DE ENFERMAGEM": 0.0,
        "ENFERMEIRO": 0.0,
        "MEDICO PEDIATRA": 0.0,
        "MEDICO RESIDENTE": 0.0,
        "TECNICO DE ENFERMAGEM": 0.0
    },
    "CENTRO DE SAUDE DOM ORIONE": {
        "AUXILIAR DE ENFERMAGEM": 0.0,
        "ENFERMEIRO": 0.0,
        "MEDICO PEDIATRA": 0.0,
        "TECNICO DE ENFERMAGEM": 0.0
    },
    "CENTRO DE SAUDE DR JOSE DOMINGOS": {
        "AUXILIAR DE ENFERMAGEM": 0.0,
        "ENFERMEIRO": 0.0,
        "MEDICO PEDIATRA": 0.0,
        "TECNICO DE ENFERMAGEM": 0.0
    },
    "CENTRO DE SAUDE EDUARDO MAURO DE ARAUJO MIRAMAR": {
        "AUXILIAR DE ENFERMAGEM": 0.0,
        "ENFERMEIRO": 0.0,
        "FISIOTERAPEUTA GERAL": 0.0,
        "TECNICO DE ENFERMAGEM": 0.0
    },
    "CENTRO DE SAUDE EFIGENIA MURTA DE FIGUEIREDO": {
        "AUXILIAR DE ENFERMAGEM": 0.0,
        "ENFERMEIRO": 0.0,
        "TECNICO DE ENFERMAGEM": 0.0
    },
    "CENTRO DE SAUDE ERMELINDA": {
        "AUXILIAR DE ENFERMAGEM": 0.0,
        "ENFERMEIRO": 0.0,
        "FISIOTERAPEUTA GERAL": 0.0,
        "MEDICO PEDIATRA": 0.0,
        "TECNICO DE ENFERMAGEM": 0.0
    },
    "CENTRO DE SAUDE ETELVINA CARNEIRO": {
        "AUXILIAR DE ENFERMAGEM": 0.0,
        "ENFERMEIRO": 0.0,
        "MEDICO PEDIATRA": 0.0,
        "TECNICO DE ENFERMAGEM": 0.0
    },
    "CENTRO DE SAUDE FABIO CORREA LIMA": {
        "AUXILIAR DE ENFERMAGEM": 0.0,
        "ENFERMEIRO": 0.0,
        "FISIOTERAPEUTA GERAL": 0.0,
        "MEDICO PEDIATRA": 0.0,
        "TECNICO DE ENFERMAGEM": 0.0
    },
    "CENTRO DE SAUDE FELICIDADE II": {
        "AUXILIAR DE ENFERMAGEM": 0.0,
        "ENFERMEIRO": 0.0,
        "FISIOTERAPEUTA GERAL": 0.0,
        "TECNICO DE ENFERMAGEM": 0.0
    },
    "CENTRO DE SAUDE FLORAMAR": {
        "AUXILIAR DE ENFERMAGEM": 0.0,
        "ENFERMEIRO": 0.0,
        "MEDICO PEDIATRA": 0.0,
        "TECNICO DE ENFERMAGEM": 0.0
    },
    "CENTRO DE SAUDE FRANCISCO GOMES BARBOSA TIROL": {
        "AUXILIAR DE ENFERMAGEM": 0.0,
        "ENFERMEIRO": 0.0,
        "FISIOTERAPEUTA GERAL": 0.0,
        "MEDICO PEDIATRA": 0.0,
        "TECNICO DE ENFERMAGEM": 0.0
    },
    "CENTRO DE SAUDE GLORIA": {
        "AUXILIAR DE ENFERMAGEM": 0.0,
        "ENFERMEIRO": 0.0,
        "MEDICO PEDIATRA": 0.0,
        "TECNICO DE ENFERMAGEM": 0.0
    },
    "CENTRO DE SAUDE GOIANIA": {
        "AUXILIAR DE ENFERMAGEM": 0.0,
        "ENFERMEIRO": 0.0,
        "FISIOTERAPEUTA GERAL": 0.0,
        "MEDICO PEDIATRA": 0.0,
        "MEDICO RESIDENTE": 0.0,
        "TECNICO DE ENFERMAGEM": 0.0
    },
    "CENTRO DE SAUDE GRANJA DE FREITAS": {
        "AUXILIAR DE ENFERMAGEM": 0.0,
        "ENFERMEIRO": 0.0,
        "FISIOTERAPEUTA GERAL": 0.0,
        "MEDICO PEDIATRA": 0.0,
        "TECNICO DE ENFERMAGEM": 0.0
    },
    "CENTRO DE SAUDE GUARANI": {
        "AUXILIAR DE ENFERMAGEM": 0.0,
        "ENFERMEIRO": 0.0,
        "TECNICO DE ENFERMAGEM": 0.0
    },
    "CENTRO DE SAUDE HAVAI": {
        "AUXILIAR DE ENFERMAGEM": 0.0,
        "ENFERMEIRO": 0.0,
        "MEDICO PEDIATRA": 0.0,
        "TECNICO DE ENFERMAGEM": 0.0
    },
    "CENTRO DE SAUDE HELIOPOLIS": {
        "AUXILIAR DE ENFERMAGEM": 0.0,
        "ENFERMEIRO": 0.0,
        "FISIOTERAPEUTA GERAL": 0.0,
        "TECNICO DE ENFERMAGEM": 0.0
    },
    "CENTRO DE SAUDE HORTO": {
        "AUXILIAR DE ENFERMAGEM": 0.0,
        "ENFERMEIRO": 0.0,
        "FISIOTERAPEUTA GERAL": 0.0,
        "MEDICO PEDIATRA": 0.0,
        "TECNICO DE ENFERMAGEM": 0.0
    },
    "CENTRO DE SAUDE INDEPENDENCIA": {
        "AUXILIAR DE ENFERMAGEM": 0.0,
        "ENFERMEIRO": 0.0,
        "FISIOTERAPEUTA GERAL": 0.0,
        "MEDICO PEDIATRA": 0.0,
        "TECNICO DE ENFERMAGEM": 0.0
    },
    "CENTRO DE SAUDE ITAIPU JATOBA": {
        "AUXILIAR DE ENFERMAGEM": 0.0,
        "ENFERMEIRO": 0.0,
        "FISIOTERAPEUTA GERAL": 0.0,
        "MEDICO PEDIATRA": 0.0,
        "TECNICO DE ENFERMAGEM": 0.0
    },
    "CENTRO DE SAUDE ITAMARATI": {
        "AUXILIAR DE ENFERMAGEM": 0.0,
        "ENFERMEIRO": 0.0,
        "MEDICO PEDIATRA": 0.0,
        "TECNICO DE ENFERMAGEM": 0.0
    },
    "CENTRO DE SAUDE JAQUELINE": {
        "AUXILIAR DE ENFERMAGEM": 0.0,
        "ENFERMEIRO": 0.0,
        "FISIOTERAPEUTA GERAL": 0.0,
        "TECNICO DE ENFERMAGEM": 0.0
    },
    "CENTRO DE SAUDE JAQUELINE II": {
        "AUXILIAR DE ENFERMAGEM": 0.0,
        "ENFERMEIRO": 0.0,
        "TECNICO DE ENFERMAGEM": 0.0
    },
    "CENTRO DE SAUDE JARDIM COMERCIARIOS": {
        "AUXILIAR DE ENFERMAGEM": 0.0,
        "ENFERMEIRO": 0.0,
        "FISIOTERAPEUTA GERAL": 0.0,
        "TECNICO DE ENFERMAGEM": 0.0
    },
    "CENTRO DE SAUDE JARDIM EUROPA": {
        "AUXILIAR DE ENFERMAGEM": 0.0,
        "ENFERMEIRO": 0.0,
        "FISIOTERAPEUTA GERAL": 0.0,
        "TECNICO DE ENFERMAGEM": 0.0
    },
    "CENTRO DE SAUDE JARDIM FELICIDADE": {
        "AUXILIAR DE ENFERMAGEM": 0.0,
        "ENFERMEIRO": 0.0,
        "MEDICO PEDIATRA": 0.0,
        "TECNICO DE ENFERMAGEM": 0.0
    },
    "CENTRO DE SAUDE JARDIM FILADELFIA": {
        "AUXILIAR DE ENFERMAGEM": 0.0,
        "ENFERMEIRO": 0.0,
        "FISIOTERAPEUTA GERAL": 0.0,
        "TECNICO DE ENFERMAGEM": 0.0
    },
    "CENTRO DE SAUDE JARDIM GUANABARA": {
        "AUXILIAR DE ENFERMAGEM": 0.0,
        "ENFERMEIRO": 0.0,
        "FISIOTERAPEUTA GERAL": 0.0,
        "MEDICO PEDIATRA": 0.0,
        "TECNICO DE ENFERMAGEM": 0.0
    },
    "CENTRO DE SAUDE JARDIM LEBLON": {
        "AUXILIAR DE ENFERMAGEM": 0.0,
        "ENFERMEIRO": 0.0,
        "FISIOTERAPEUTA GERAL": 0.0,
        "MEDICO PEDIATRA": 0.0,
        "TECNICO DE ENFERMAGEM": 0.0
    },
    "CENTRO DE SAUDE JARDIM MONTANHES": {
        "AUXILIAR DE ENFERMAGEM": 0.0,
        "ENFERMEIRO": 0.0,
        "TECNICO DE ENFERMAGEM": 0.0
    },
    "CENTRO DE SAUDE JOAO PINHEIRO": {
        "AUXILIAR DE ENFERMAGEM": 0.0,
        "ENFERMEIRO": 0.0,
        "FISIOTERAPEUTA GERAL": 0.0,
        "MEDICO PEDIATRA": 0.0,
        "TECNICO DE ENFERMAGEM": 0.0
    },
    "CENTRO DE SAUDE JOAO XXIII": {
        "AUXILIAR DE ENFERMAGEM": 0.0,
        "ENFERMEIRO": 0.0,
        "MEDICO PEDIATRA": 0.0,
        "TECNICO DE ENFERMAGEM": 0.0
    },
    "CENTRO DE SAUDE LAGOA": {
        "AUXILIAR DE ENFERMAGEM": 0.0,
        "ENFERMEIRO": 0.0,
        "FISIOTERAPEUTA GERAL": 0.0,
        "TECNICO DE ENFERMAGEM": 0.0
    },
    "CENTRO DE SAUDE LAJEDO": {
        "AUXILIAR DE ENFERMAGEM": 0.0,
        "ENFERMEIRO": 0.0,
        "FISIOTERAPEUTA GERAL": 0.0,
        "MEDICO PEDIATRA": 0.0,
        "TECNICO DE ENFERMAGEM": 0.0
    },
    "CENTRO DE SAUDE LEOPOLDO CHRISOSTOMO DE CASTRO": {
        "AUXILIAR DE ENFERMAGEM": 0.0,
        "ENFERMEIRO": 0.0,
        "FISIOTERAPEUTA GERAL": 0.0,
        "MEDICO PEDIATRA": 0.0,
        "TECNICO DE ENFERMAGEM": 0.0
    },
    "CENTRO DE SAUDE LISANDRA ANGELICA DAVID JUSTINO": {
        "AUXILIAR DE ENFERMAGEM": 0.0,
        "ENFERMEIRO": 0.0,
        "MEDICO PEDIATRA": 0.0,
        "TECNICO DE ENFERMAGEM": 0.0
    },
    "CENTRO DE SAUDE MANTIQUEIRA": {
        "AUXILIAR DE ENFERMAGEM": 0.0,
        "ENFERMEIRO": 0.0,
        "FISIOTERAPEUTA GERAL": 0.0,
        "TECNICO DE ENFERMAGEM": 0.0
    },
    "CENTRO DE SAUDE MARCELO PONTEL GOMES": {
        "AUXILIAR DE ENFERMAGEM": 0.0,
        "ENFERMEIRO": 0.0,
        "FISIOTERAPEUTA GERAL": 0.0,
        "MEDICO PEDIATRA": 0.0,
        "TECNICO DE ENFERMAGEM": 0.0
    },
    "CENTRO DE SAUDE MARIA GORETTI IPE": {
        "AUXILIAR DE ENFERMAGEM": 0.0,
        "ENFERMEIRO": 0.0,
        "TECNICO DE ENFERMAGEM": 0.0
    },
    "CENTRO DE SAUDE MARIA MADALENA TEODORO LINDEIA": {
        "AUXILIAR DE ENFERMAGEM": 0.0,
        "ENFERMEIRO": 0.0,
        "MEDICO PEDIATRA": 0.0,
        "TECNICO DE ENFERMAGEM": 0.0
    },
    "CENTRO DE SAUDE MARIANO DE ABREU": {
        "AUXILIAR DE ENFERMAGEM": 0.0,
        "ENFERMEIRO": 0.0,
        "FISIOTERAPEUTA GERAL": 0.0,
        "MEDICO PEDIATRA": 0.0,
        "TECNICO DE ENFERMAGEM": 0.0
    },
    "CENTRO DE SAUDE MENINO JESUS": {
        "AUXILIAR DE ENFERMAGEM": 0.0,
        "ENFERMEIRO": 0.0,
        "MEDICO PEDIATRA": 0.0,
        "MEDICO RESIDENTE": 0.0,
        "TECNICO DE ENFERMAGEM": 0.0
    },
    "CENTRO DE SAUDE MG20": {
        "AUXILIAR DE ENFERMAGEM": 0.0,
        "ENFERMEIRO": 0.0,
        "MEDICO PEDIATRA": 0.0,
        "TECNICO DE ENFERMAGEM": 0.0
    },
    "CENTRO DE SAUDE MINAS CAIXA": {
        "AUXILIAR DE ENFERMAGEM": 0.0,
        "ENFERMEIRO": 0.0,
        "FISIOTERAPEUTA GERAL": 0.0,
        "MEDICO PEDIATRA": 0.0,
        "TECNICO DE ENFERMAGEM": 0.0
    },
    "CENTRO DE SAUDE NAZARE": {
        "AUXILIAR DE ENFERMAGEM": 0.0,
        "ENFERMEIRO": 0.0,
        "FISIOTERAPEUTA GERAL": 0.0,
        "MEDICO PEDIATRA": 0.0,
        "TECNICO DE ENFERMAGEM": 0.0
    },
    "CENTRO DE SAUDE NORALDINO DE LIMA": {
        "AUXILIAR DE ENFERMAGEM": 0.0,
        "ENFERMEIRO": 0.0,
        "MEDICO PEDIATRA": 0.0,
        "TECNICO DE ENFERMAGEM": 0.0
    },
    "CENTRO DE SAUDE NOSSA SENHORA APARECIDA": {
        "AUXILIAR DE ENFERMAGEM": 0.0,
        "ENFERMEIRO": 0.0,
        "FISIOTERAPEUTA GERAL": 0.0,
        "MEDICO PEDIATRA": 0.0,
        "MEDICO RESIDENTE": 0.0,
        "TECNICO DE ENFERMAGEM": 0.0
    },
    "CENTRO DE SAUDE NOSSA SENHORA DE FATIMA": {
        "AUXILIAR DE ENFERMAGEM": 0.0,
        "ENFERMEIRO": 0.0,
        "FISIOTERAPEUTA GERAL": 0.0,
        "MEDICO PEDIATRA": 0.0,
        "TECNICO DE ENFERMAGEM": 0.0
    },
    "CENTRO DE SAUDE NOVA YORK": {
        "AUXILIAR DE ENFERMAGEM": 0.0,
        "ENFERMEIRO": 0.0,
        "MEDICO PEDIATRA": 0.0,
        "TECNICO DE ENFERMAGEM": 0.0
    },
    "CENTRO DE SAUDE NOVO HORIZONTE": {
        "AUXILIAR DE ENFERMAGEM": 0.0,
        "ENFERMEIRO": 0.0,
        "FISIOTERAPEUTA GERAL": 0.0,
        "TECNICO DE ENFERMAGEM": 0.0
    },
    "CENTRO DE SAUDE OLAVO ALBINO CORREIA": {
        "AUXILIAR DE ENFERMAGEM": 0.0,
        "ENFERMEIRO": 0.0,
        "TECNICO DE ENFERMAGEM": 0.0
    },
    "CENTRO DE SAUDE OSWALDO CRUZ": {
        "AUXILIAR DE ENFERMAGEM": 0.0,
        "ENFERMEIRO": 0.0,
        "MEDICO PEDIATRA": 0.0,
        "TECNICO DE ENFERMAGEM": 0.0
    },
    "CENTRO DE SAUDE PADRE EUSTAQUIO": {
        "AUXILIAR DE ENFERMAGEM": 0.0,
        "ENFERMEIRO": 0.0,
        "FISIOTERAPEUTA GERAL": 0.0,
        "MEDICO PEDIATRA": 0.0,
        "MEDICO RESIDENTE": 0.0,
        "TECNICO DE ENFERMAGEM": 0.0
    },
    "CENTRO DE SAUDE PADRE FERNANDO DE MELO": {
        "AUXILIAR DE ENFERMAGEM": 0.0,
        "ENFERMEIRO": 0.0,
        "MEDICO RESIDENTE": 0.0,
        "TECNICO DE ENFERMAGEM": 0.0
    },
    "CENTRO DE SAUDE PADRE JOAQUIM MAIA": {
        "AUXILIAR DE ENFERMAGEM": 0.0,
        "ENFERMEIRO": 0.0,
        "MEDICO PEDIATRA": 0.0,
        "TECNICO DE ENFERMAGEM": 0.0
    },
    "CENTRO DE SAUDE PADRE TIAGO": {
        "AUXILIAR DE ENFERMAGEM": 0.0,
        "ENFERMEIRO": 0.0,
        "FISIOTERAPEUTA GERAL": 0.0,
        "MEDICO PEDIATRA": 0.0,
        "MEDICO RESIDENTE": 0.0,
        "TECNICO DE ENFERMAGEM": 0.0
    },
    "CENTRO DE SAUDE PALMEIRAS": {
        "AUXILIAR DE ENFERMAGEM": 0.0,
        "ENFERMEIRO": 0.0,
        "FISIOTERAPEUTA GERAL": 0.0,
        "MEDICO PEDIATRA": 0.0,
        "TECNICO DE ENFERMAGEM": 0.0
    },
    "CENTRO DE SAUDE PARAISO": {
        "AUXILIAR DE ENFERMAGEM": 0.0,
        "ENFERMEIRO": 0.0,
        "FISIOTERAPEUTA GERAL": 0.0,
        "MEDICO PEDIATRA": 0.0,
        "TECNICO DE ENFERMAGEM": 0.0
    },
    "CENTRO DE SAUDE PARAUNA": {
        "AUXILIAR DE ENFERMAGEM": 0.0,
        "ENFERMEIRO": 0.0,
        "FISIOTERAPEUTA GERAL": 0.0,
        "TECNICO DE ENFERMAGEM": 0.0
    },
    "CENTRO DE SAUDE PEDREIRA PRADO LOPES": {
        "AUXILIAR DE ENFERMAGEM": 0.0,
        "ENFERMEIRO": 0.0,
        "FISIOTERAPEUTA GERAL": 0.0,
        "MEDICO PEDIATRA": 0.0,
        "MEDICO RESIDENTE": 0.0,
        "TECNICO DE ENFERMAGEM": 0.0
    },
    "CENTRO DE SAUDE PILAR OLHOS DAGUA": {
        "AUXILIAR DE ENFERMAGEM": 0.0,
        "ENFERMEIRO": 0.0,
        "FISIOTERAPEUTA GERAL": 0.0,
        "MEDICO PEDIATRA": 0.0,
        "TECNICO DE ENFERMAGEM": 0.0
    },
    "CENTRO DE SAUDE PINDORAMA ELZA MARTINS": {
        "AUXILIAR DE ENFERMAGEM": 0.0,
        "ENFERMEIRO": 0.0,
        "FISIOTERAPEUTA GERAL": 0.0,
        "MEDICO PEDIATRA": 0.0,
        "MEDICO RESIDENTE": 0.0,
        "TECNICO DE ENFERMAGEM": 0.0
    },
    "CENTRO DE SAUDE PIRATININGA": {
        "AUXILIAR DE ENFERMAGEM": 0.0,
        "ENFERMEIRO": 0.0,
        "FISIOTERAPEUTA GERAL": 0.0,
        "MEDICO PEDIATRA": 0.0,
        "TECNICO DE ENFERMAGEM": 0.0
    },
    "CENTRO DE SAUDE POMPEIA": {
        "AUXILIAR DE ENFERMAGEM": 0.0,
        "ENFERMEIRO": 0.0,
        "FISIOTERAPEUTA GERAL": 0.0,
        "MEDICO PEDIATRA": 0.0,
        "TECNICO DE ENFERMAGEM": 0.0
    },
    "CENTRO DE SAUDE PRIMEIRO DE MAIO": {
        "AUXILIAR DE ENFERMAGEM": 0.0,
        "ENFERMEIRO": 0.0,
        "FISIOTERAPEUTA GERAL": 0.0,
        "MEDICO PEDIATRA": 0.0,
        "TECNICO DE ENFERMAGEM": 0.0
    },
    "CENTRO DE SAUDE PROVIDENCIA": {
        "AUXILIAR DE ENFERMAGEM": 0.0,
        "ENFERMEIRO": 0.0,
        "TECNICO DE ENFERMAGEM": 0.0
    },
    "CENTRO DE SAUDE REGINA": {
        "AUXILIAR DE ENFERMAGEM": 0.0,
        "ENFERMEIRO": 0.0,
        "FISIOTERAPEUTA GERAL": 0.0,
        "TECNICO DE ENFERMAGEM": 0.0
    },
    "CENTRO DE SAUDE RIBEIRO DE ABREU": {
        "AUXILIAR DE ENFERMAGEM": 0.0,
        "ENFERMEIRO": 0.0,
        "FISIOTERAPEUTA GERAL": 0.0,
        "MEDICO PEDIATRA": 0.0,
        "TECNICO DE ENFERMAGEM": 0.0
    },
    "CENTRO DE SAUDE RIO BRANCO": {
        "AUXILIAR DE ENFERMAGEM": 0.0,
        "ENFERMEIRO": 0.0,
        "FISIOTERAPEUTA GERAL": 0.0,
        "TECNICO DE ENFERMAGEM": 0.0
    },
    "CENTRO DE SAUDE SALGADO FILHO": {
        "AUXILIAR DE ENFERMAGEM": 0.0,
        "ENFERMEIRO": 0.0,
        "FISIOTERAPEUTA GERAL": 0.0,
        "TECNICO DE ENFERMAGEM": 0.0
    },
    "CENTRO DE SAUDE SANTA AMELIA": {
        "AUXILIAR DE ENFERMAGEM": 0.0,
        "ENFERMEIRO": 0.0,
        "FISIOTERAPEUTA GERAL": 0.0,
        "MEDICO PEDIATRA": 0.0,
        "TECNICO DE ENFERMAGEM": 0.0
    },
    "CENTRO DE SAUDE SANTA CECILIA": {
        "AUXILIAR DE ENFERMAGEM": 0.0,
        "ENFERMEIRO": 0.0,
        "TECNICO DE ENFERMAGEM": 0.0
    },
    "CENTRO DE SAUDE SANTA INES": {
        "AUXILIAR DE ENFERMAGEM": 0.0,
        "ENFERMEIRO": 0.0,
        "FISIOTERAPEUTA GERAL": 0.0,
        "MEDICO PEDIATRA": 0.0,
        "TECNICO DE ENFERMAGEM": 0.0
    },
    "CENTRO DE SAUDE SANTA LUCIA": {
        "AUXILIAR DE ENFERMAGEM": 0.0,
        "ENFERMEIRO": 0.0,
        "MEDICO PEDIATRA": 0.0,
        "TECNICO DE ENFERMAGEM": 0.0
    },
    "CENTRO DE SAUDE SANTA MARIA": {
        "AUXILIAR DE ENFERMAGEM": 0.0,
        "ENFERMEIRO": 0.0,
        "FISIOTERAPEUTA GERAL": 0.0,
        "MEDICO PEDIATRA": 0.0,
        "MEDICO RESIDENTE": 0.0,
        "TECNICO DE ENFERMAGEM": 0.0
    },
    "CENTRO DE SAUDE SANTA MONICA": {
        "AUXILIAR DE ENFERMAGEM": 0.0,
        "ENFERMEIRO": 0.0,
        "FISIOTERAPEUTA GERAL": 0.0,
        "MEDICO PEDIATRA": 0.0,
        "MEDICO RESIDENTE": 0.0,
        "TECNICO DE ENFERMAGEM": 0.0
    },
    "CENTRO DE SAUDE SANTA RITA DE CASSIA": {
        "AUXILIAR DE ENFERMAGEM": 0.0,
        "ENFERMEIRO": 0.0,
        "MEDICO PEDIATRA": 0.0,
        "TECNICO DE ENFERMAGEM": 0.0
    },
    "CENTRO DE SAUDE SANTA ROSA": {
        "AUXILIAR DE ENFERMAGEM": 0.0,
        "ENFERMEIRO": 0.0,
        "FISIOTERAPEUTA GERAL": 0.0,
        "MEDICO PEDIATRA": 0.0,
        "TECNICO DE ENFERMAGEM": 0.0
    },
    "CENTRO DE SAUDE SANTA TEREZINHA": {
        "AUXILIAR DE ENFERMAGEM": 0.0,
        "ENFERMEIRO": 0.0,
        "FISIOTERAPEUTA GERAL": 0.0,
        "TECNICO DE ENFERMAGEM": 0.0
    },
    "CENTRO DE SAUDE SANTO ANTONIO": {
        "AUXILIAR DE ENFERMAGEM": 0.0,
        "ENFERMEIRO": 0.0,
        "FISIOTERAPEUTA GERAL": 0.0,
        "TECNICO DE ENFERMAGEM": 0.0
    },
    "CENTRO DE SAUDE SANTOS ANJOS": {
        "AUXILIAR DE ENFERMAGEM": 0.0,
        "ENFERMEIRO": 0.0,
        "TECNICO DE ENFERMAGEM": 0.0
    },
    "CENTRO DE SAUDE SAO BERNARDO": {
        "AUXILIAR DE ENFERMAGEM": 0.0,
        "ENFERMEIRO": 0.0,
        "MEDICO PEDIATRA": 0.0,
        "TECNICO DE ENFERMAGEM": 0.0
    },
    "CENTRO DE SAUDE SAO CRISTOVAO": {
        "AUXILIAR DE ENFERMAGEM": 0.0,
        "ENFERMEIRO": 0.0,
        "TECNICO DE ENFERMAGEM": 0.0
    },
    "CENTRO DE SAUDE SAO FRANCISCO": {
        "AUXILIAR DE ENFERMAGEM": 0.0,
        "ENFERMEIRO": 0.0,
        "MEDICO PEDIATRA": 0.0,
        "TECNICO DE ENFERMAGEM": 0.0
    },
    "CENTRO DE SAUDE SAO GERALDO": {
        "AUXILIAR DE ENFERMAGEM": 0.0,
        "ENFERMEIRO": 0.0,
        "MEDICO PEDIATRA": 0.0,
        "TECNICO DE ENFERMAGEM": 0.0
    },
    "CENTRO DE SAUDE SAO JORGE": {
        "AUXILIAR DE ENFERMAGEM": 0.0,
        "ENFERMEIRO": 0.0,
        "FISIOTERAPEUTA GERAL": 0.0,
        "MEDICO PEDIATRA": 0.0,
        "TECNICO DE ENFERMAGEM": 0.0
    },
    "CENTRO DE SAUDE SAO JOSE": {
        "AUXILIAR DE ENFERMAGEM": 0.0,
        "ENFERMEIRO": 0.0,
        "FISIOTERAPEUTA GERAL": 0.0,
        "MEDICO RESIDENTE": 0.0,
        "TECNICO DE ENFERMAGEM": 0.0
    },
    "CENTRO DE SAUDE SAO JOSE OPERARIO": {
        "AUXILIAR DE ENFERMAGEM": 0.0,
        "ENFERMEIRO": 0.0,
        "MEDICO PEDIATRA": 0.0,
        "TECNICO DE ENFERMAGEM": 0.0
    },
    "CENTRO DE SAUDE SAO MARCOS": {
        "AUXILIAR DE ENFERMAGEM": 0.0,
        "ENFERMEIRO": 0.0,
        "FISIOTERAPEUTA GERAL": 0.0,
        "MEDICO PEDIATRA": 0.0,
        "TECNICO DE ENFERMAGEM": 0.0
    },
    "CENTRO DE SAUDE SAO PAULO": {
        "AUXILIAR DE ENFERMAGEM": 0.0,
        "ENFERMEIRO": 0.0,
        "FISIOTERAPEUTA GERAL": 0.0,
        "MEDICO RESIDENTE": 0.0,
        "TECNICO DE ENFERMAGEM": 0.0
    },
    "CENTRO DE SAUDE SERRA VERDE": {
        "AUXILIAR DE ENFERMAGEM": 0.0,
        "ENFERMEIRO": 0.0,
        "MEDICO RESIDENTE": 0.0,
        "TECNICO DE ENFERMAGEM": 0.0
    },
    "CENTRO DE SAUDE SERRANO": {
        "AUXILIAR DE ENFERMAGEM": 0.0,
        "ENFERMEIRO": 0.0,
        "TECNICO DE ENFERMAGEM": 0.0
    },
    "CENTRO DE SAUDE TAQUARIL": {
        "AUXILIAR DE ENFERMAGEM": 0.0,
        "ENFERMEIRO": 0.0,
        "TECNICO DE ENFERMAGEM": 0.0
    },
    "CENTRO DE SAUDE TIA AMANCIA": {
        "AUXILIAR DE ENFERMAGEM": 0.0,
        "ENFERMEIRO": 0.0,
        "FISIOTERAPEUTA GERAL": 0.0,
        "MEDICO PEDIATRA": 0.0,
        "TECNICO DE ENFERMAGEM": 0.0
    },
    "CENTRO DE SAUDE TREVO": {
        "AUXILIAR DE ENFERMAGEM": 0.0,
        "ENFERMEIRO": 0.0,
        "FISIOTERAPEUTA GERAL": 0.0,
        "TECNICO DE ENFERMAGEM": 0.0
    },
    "CENTRO DE SAUDE TUPI": {
        "AUXILIAR DE ENFERMAGEM": 0.0,
        "ENFERMEIRO": 0.0,
        "FISIOTERAPEUTA GERAL": 0.0,
        "MEDICO PEDIATRA": 0.0,
        "MEDICO RESIDENTE": 0.0,
        "TECNICO DE ENFERMAGEM": 0.0
    },
    "CENTRO DE SAUDE URUCUIA": {
        "AUXILIAR DE ENFERMAGEM": 0.0,
        "ENFERMEIRO": 0.0,
        "MEDICO PEDIATRA": 0.0,
        "TECNICO DE ENFERMAGEM": 0.0
    },
    "CENTRO DE SAUDE VALE DO JATOBA": {
        "AUXILIAR DE ENFERMAGEM": 0.0,
        "ENFERMEIRO": 0.0,
        "FISIOTERAPEUTA GERAL": 0.0,
        "MEDICO PEDIATRA": 0.0,
        "TECNICO DE ENFERMAGEM": 0.0
    },
    "CENTRO DE SAUDE VENTOSA": {
        "AUXILIAR DE ENFERMAGEM": 0.0,
        "ENFERMEIRO": 0.0,
        "FISIOTERAPEUTA GERAL": 0.0,
        "MEDICO PEDIATRA": 0.0,
        "TECNICO DE ENFERMAGEM": 0.0
    },
    "CENTRO DE SAUDE VERA CRUZ": {
        "AUXILIAR DE ENFERMAGEM": 0.0,
        "ENFERMEIRO": 0.0,
        "MEDICO PEDIATRA": 0.0,
        "MEDICO RESIDENTE": 0.0,
        "TECNICO DE ENFERMAGEM": 0.0
    },
    "CENTRO DE SAUDE VILA CEMIG": {
        "AUXILIAR DE ENFERMAGEM": 0.0,
        "ENFERMEIRO": 0.0,
        "FISIOTERAPEUTA GERAL": 0.0,
        "TECNICO DE ENFERMAGEM": 0.0
    },
    "CENTRO DE SAUDE VILA IMPERIAL": {
        "AUXILIAR DE ENFERMAGEM": 0.0,
        "ENFERMEIRO": 0.0,
        "MEDICO PEDIATRA": 0.0,
        "TECNICO DE ENFERMAGEM": 0.0
    },
    "CENTRO DE SAUDE VILA LEONINA": {
        "AUXILIAR DE ENFERMAGEM": 0.0,
        "ENFERMEIRO": 0.0,
        "FISIOTERAPEUTA GERAL": 0.0,
        "MEDICO PEDIATRA": 0.0,
        "TECNICO DE ENFERMAGEM": 0.0
    },
    "CENTRO DE SAUDE VILA PINHO": {
        "AUXILIAR DE ENFERMAGEM": 0.0,
        "ENFERMEIRO": 0.0,
        "FISIOTERAPEUTA GERAL": 0.0,
        "MEDICO PEDIATRA": 0.0,
        "TECNICO DE ENFERMAGEM": 0.0
    },
    "CENTRO DE SAUDE VISTA ALEGRE": {
        "AUXILIAR DE ENFERMAGEM": 0.0,
        "ENFERMEIRO": 0.0,
        "TECNICO DE ENFERMAGEM": 0.0
    },
    "CENTRO DE SAUDE WALDOMIRO LOBO": {
        "AUXILIAR DE ENFERMAGEM": 0.0,
        "ENFERMEIRO": 0.0,
        "FISIOTERAPEUTA GERAL": 0.0,
        "MEDICO PEDIATRA": 0.0,
        "TECNICO DE ENFERMAGEM": 0.0
    },
    "HOSPITAL INFANTIL JOAO PAULO II": {
        "AUXILIAR DE ENFERMAGEM": 40.5,
        "ENFERMEIRO": 55.15,
        "FISIOTERAPEUTA GERAL": 15.975,
        "MEDICO PEDIATRA": 78.925,
        "MEDICO RESIDENTE": 15.3,
        "TECNICO DE ENFERMAGEM": 212.775,
        "TECNICO EM PATOLOGIA CLINICA": 1.0
    },
    "MATERNIDADE ODETE VALADARES": {
        "AUXILIAR DE ENFERMAGEM": 56.5,
        "ENFERMEIRO": 66.25,
        "FISIOTERAPEUTA GERAL": 15.075,
        "MEDICO PEDIATRA": 20.099999999999998,
        "MEDICO RESIDENTE": 126.25,
        "TECNICO DE ENFERMAGEM": 222.0,
        "TECNICO EM PATOLOGIA CLINICA": 30.25
    },
    "BELO HORIZONTE COMPLEXO PENITENCIARIO FEM ESTEVAO PINTO": {
        "ENFERMEIRO": 0.0,
        "TECNICO DE ENFERMAGEM": 0.0
    },
    "CENTRO DE INTERNACAO PROVISORIA SAO BENEDITO": {
        "ENFERMEIRO": 0.0,
        "TECNICO DE ENFERMAGEM": 0.0
    },
    "CENTRO DE SAUDE ALCIDES LINS": {
        "ENFERMEIRO": 0.0,
        "MEDICO RESIDENTE": 0.0,
        "TECNICO DE ENFERMAGEM": 0.0
    },
    "CENTRO DE SAUDE ALTO VERA CRUZ": {
        "ENFERMEIRO": 0.0,
        "FISIOTERAPEUTA GERAL": 0.0,
        "TECNICO DE ENFERMAGEM": 0.0
    },
    "CENTRO DE SAUDE CONJUNTO PAULO VI": {
        "ENFERMEIRO": 0.0,
        "MEDICO PEDIATRA": 0.0,
        "TECNICO DE ENFERMAGEM": 0.0
    },
    "CENTRO DE SAUDE GENTIL GOMES": {
        "ENFERMEIRO": 0.0,
        "FISIOTERAPEUTA GERAL": 0.0,
        "MEDICO PEDIATRA": 0.0,
        "TECNICO DE ENFERMAGEM": 0.0
    },
    "CENTRO DE SAUDE JARDIM ALVORADA": {
        "ENFERMEIRO": 0.0,
        "MEDICO RESIDENTE": 0.0,
        "TECNICO DE ENFERMAGEM": 0.0
    },
    "CENTRO DE SAUDE MANGUEIRAS": {
        "ENFERMEIRO": 0.0,
        "FISIOTERAPEUTA GERAL": 0.0,
        "TECNICO DE ENFERMAGEM": 0.0
    },
    "CENTRO DE SAUDE MARCO ANTONIO DE MENEZES": {
        "ENFERMEIRO": 0.0,
        "MEDICO PEDIATRA": 0.0,
        "MEDICO RESIDENTE": 0.0,
        "TECNICO DE ENFERMAGEM": 0.0
    },
    "CENTRO DE SAUDE MARIVANDA BALEEIRO": {
        "ENFERMEIRO": 0.0,
        "FISIOTERAPEUTA GERAL": 0.0,
        "MEDICO PEDIATRA": 0.0,
        "TECNICO DE ENFERMAGEM": 0.0
    },
    "CENTRO DE SAUDE MILIONARIOS": {
        "ENFERMEIRO": 0.0,
        "MEDICO RESIDENTE": 0.0,
        "TECNICO DE ENFERMAGEM": 0.0
    },
    "CENTRO DE SAUDE NOVO AARAO REIS": {
        "ENFERMEIRO": 0.0,
        "FISIOTERAPEUTA GERAL": 0.0,
        "MEDICO PEDIATRA": 0.0,
        "MEDICO RESIDENTE": 0.0,
        "TECNICO DE ENFERMAGEM": 0.0
    },
    "CENTRO DE SAUDE OURO PRETO": {
        "ENFERMEIRO": 0.0,
        "MEDICO PEDIATRA": 0.0,
        "TECNICO DE ENFERMAGEM": 0.0
    },
    "CENTRO DE SAUDE PADRE TARCISIO": {
        "ENFERMEIRO": 0.0,
        "MEDICO PEDIATRA": 0.0,
        "MEDICO RESIDENTE": 0.0,
        "TECNICO DE ENFERMAGEM": 0.0
    },
    "CENTRO DE SAUDE SAO MIGUEL ARCANJO": {
        "ENFERMEIRO": 0.0,
        "FISIOTERAPEUTA GERAL": 0.0,
        "MEDICO PEDIATRA": 0.0,
        "TECNICO DE ENFERMAGEM": 0.0
    },
    "CENTRO DE SAUDE SAO TOMAS": {
        "ENFERMEIRO": 0.0,
        "FISIOTERAPEUTA GERAL": 0.0,
        "MEDICO PEDIATRA": 0.0,
        "TECNICO DE ENFERMAGEM": 0.0
    },
    "CENTRO DE SAUDE ZILAH SPOSITO": {
        "ENFERMEIRO": 0.0,
        "MEDICO PEDIATRA": 0.0,
        "TECNICO DE ENFERMAGEM": 0.0
    },
    "CENTRO SOCIOEDUCATIVO LINDEIA": {
        "ENFERMEIRO": 0.0,
        "TECNICO DE ENFERMAGEM": 0.0
    },
    "CENTRO SOCIOEDUCATIVO SANTA CLARA CSESC": {
        "ENFERMEIRO": 0.0,
        "TECNICO DE ENFERMAGEM": 0.0
    },
    "CENTRO SOCIOEDUCATIVO SANTA HELENA": {
        "ENFERMEIRO": 0.0,
        "TECNICO DE ENFERMAGEM": 0.0
    },
    "CERESP CENTRO DE REMANEJAMENTO PRISIONAL GAMELEIRA": {
        "ENFERMEIRO": 0.0,
        "TECNICO DE ENFERMAGEM": 0.0
    },
    "CENTRO SOCIOEDUCATIVO SAO JERONIMO": {
        "TECNICO DE ENFERMAGEM": 0.0
    }
}