[
    {
        "id": 16,
        "coords": [
            -19.8631172,
            -43.9272101
        ],
        "distances": [
            {
                "id": 16,
                "coords": [
                    -19.9218337,
                    -43.9436227
                ],
                "distance": 6.723
            },
            {
                "id": 32,
                "coords": [
                    -19.95058,
                    -43.95855
                ],
                "distance": 10.223
            },
            {
                "id": 37,
                "coords": [
                    -19.83614695,
                    -43.91494628142028
                ],
                "distance": 3.25
            },
            {
                "id": 37,
                "coords": [
                    -19.81754224694853,
                    -43.94853115081787
                ],
                "distance": 5.517
            },
            {
                "id": 36,
                "coords": [
                    -19.9046037,
                    -43.9456041
                ],
                "distance": 4.98
            },
            {
                "id": 3,
                "coords": [
                    -19.92299376755701,
                    -43.95754337310791
                ],
                "distance": 7.35
            },
            {
                "id": 17,
                "coords": [
                    -19.90064015206941,
                    -43.9334811014647
                ],
                "distance": 4.205
            },
            {
                "id": 14,
                "coords": [
                    -19.9270424,
                    -43.9321649
                ],
                "distance": 7.096
            },
            {
                "id": 29,
                "coords": [
                    -19.9253417,
                    -43.9292778
                ],
                "distance": 6.892
            },
            {
                "id": 14,
                "coords": [
                    -19.937524,
                    -43.926453
                ],
                "distance": 8.237
            },
            {
                "id": 31,
                "coords": [
                    -19.93496235976998,
                    -43.92459077722939
                ],
                "distance": 7.958
            },
            {
                "id": 16,
                "coords": [
                    -19.92728280413914,
                    -43.92420556188698
                ],
                "distance": 7.11
            },
            {
                "id": 39,
                "coords": [
                    -19.8157,
                    -43.9542
                ],
                "distance": 5.962
            },
            {
                "id": 8,
                "coords": [
                    -19.92770924386442,
                    -43.92532467842102
                ],
                "distance": 7.153
            },
            {
                "id": 29,
                "coords": [
                    -19.99714408208916,
                    -43.99333477020264
                ],
                "distance": 16.373
            },
            {
                "id": 22,
                "coords": [
                    -19.93507973059874,
                    -43.92482310533524
                ],
                "distance": 7.97
            },
            {
                "id": 32,
                "coords": [
                    -19.926893,
                    -43.897992
                ],
                "distance": 7.695
            },
            {
                "id": 43,
                "coords": [
                    -19.98109273,
                    -43.94527763
                ],
                "distance": 13.197
            },
            {
                "id": 25,
                "coords": [
                    -19.87884548028157,
                    -43.9579188945421
                ],
                "distance": 3.657
            },
            {
                "id": 25,
                "coords": [
                    -19.9296286413479,
                    -43.9286112433532
                ],
                "distance": 7.364
            },
            {
                "id": 10,
                "coords": [
                    -19.91785953821625,
                    -43.95183563232422
                ],
                "distance": 6.586
            },
            {
                "id": 22,
                "coords": [
                    -19.92509,
                    -43.92666
                ],
                "distance": 6.861
            },
            {
                "id": 5,
                "coords": [
                    -19.9250977,
                    -43.9507373
                ],
                "distance": 7.29
            },
            {
                "id": 16,
                "coords": [
                    -19.86961587277236,
                    -43.95153522491455
                ],
                "distance": 2.647
            },
            {
                "id": 18,
                "coords": [
                    -19.9122886,
                    -43.9389298
                ],
                "distance": 5.58
            },
            {
                "id": 41,
                "coords": [
                    -19.91148526864942,
                    -43.98924345800843
                ],
                "distance": 8.419
            },
            {
                "id": 20,
                "coords": [
                    -19.9399314,
                    -43.9128421
                ],
                "distance": 8.636
            },
            {
                "id": 16,
                "coords": [
                    -19.986856,
                    -43.986751
                ],
                "distance": 15.05
            }
        ]
    },
    {
        "id": 8,
        "coords": [
            -19.81699720012761,
            -43.95593404769897
        ],
        "distances": [
            {
                "id": 16,
                "coords": [
                    -19.9218337,
                    -43.9436227
                ],
                "distance": 11.677
            },
            {
                "id": 32,
                "coords": [
                    -19.95058,
                    -43.95855
                ],
                "distance": 14.791
            },
            {
                "id": 37,
                "coords": [
                    -19.83614695,
                    -43.91494628142028
                ],
                "distance": 4.789
            },
            {
                "id": 37,
                "coords": [
                    -19.81754224694853,
                    -43.94853115081787
                ],
                "distance": 0.778
            },
            {
                "id": 36,
                "coords": [
                    -19.9046037,
                    -43.9456041
                ],
                "distance": 9.758
            },
            {
                "id": 3,
                "coords": [
                    -19.92299376755701,
                    -43.95754337310791
                ],
                "distance": 11.735
            },
            {
                "id": 17,
                "coords": [
                    -19.90064015206941,
                    -43.9334811014647
                ],
                "distance": 9.553
            },
            {
                "id": 14,
                "coords": [
                    -19.9270424,
                    -43.9321649
                ],
                "distance": 12.434
            },
            {
                "id": 29,
                "coords": [
                    -19.9253417,
                    -43.9292778
                ],
                "distance": 12.315
            },
            {
                "id": 14,
                "coords": [
                    -19.937524,
                    -43.926453
                ],
                "distance": 13.695
            },
            {
                "id": 31,
                "coords": [
                    -19.93496235976998,
                    -43.92459077722939
                ],
                "distance": 13.465
            },
            {
                "id": 16,
                "coords": [
                    -19.92728280413914,
                    -43.92420556188698
                ],
                "distance": 12.653
            },
            {
                "id": 39,
                "coords": [
                    -19.8157,
                    -43.9542
                ],
                "distance": 0.232
            },
            {
                "id": 8,
                "coords": [
                    -19.92770924386442,
                    -43.92532467842102
                ],
                "distance": 12.668
            },
            {
                "id": 29,
                "coords": [
                    -19.99714408208916,
                    -43.99333477020264
                ],
                "distance": 20.324
            },
            {
                "id": 22,
                "coords": [
                    -19.93507973059874,
                    -43.92482310533524
                ],
                "distance": 13.472
            },
            {
                "id": 32,
                "coords": [
                    -19.926893,
                    -43.897992
                ],
                "distance": 13.595
            },
            {
                "id": 43,
                "coords": [
                    -19.98109273,
                    -43.94527763
                ],
                "distance": 18.2
            },
            {
                "id": 25,
                "coords": [
                    -19.87884548028157,
                    -43.9579188945421
                ],
                "distance": 6.85
            },
            {
                "id": 25,
                "coords": [
                    -19.9296286413479,
                    -43.9286112433532
                ],
                "distance": 12.793
            },
            {
                "id": 10,
                "coords": [
                    -19.91785953821625,
                    -43.95183563232422
                ],
                "distance": 11.174
            },
            {
                "id": 22,
                "coords": [
                    -19.92509,
                    -43.92666
                ],
                "distance": 12.353
            },
            {
                "id": 5,
                "coords": [
                    -19.9250977,
                    -43.9507373
                ],
                "distance": 11.979
            },
            {
                "id": 16,
                "coords": [
                    -19.86961587277236,
                    -43.95153522491455
                ],
                "distance": 5.843
            },
            {
                "id": 18,
                "coords": [
                    -19.9122886,
                    -43.9389298
                ],
                "distance": 10.698
            },
            {
                "id": 41,
                "coords": [
                    -19.91148526864942,
                    -43.98924345800843
                ],
                "distance": 11.027
            },
            {
                "id": 20,
                "coords": [
                    -19.9399314,
                    -43.9128421
                ],
                "distance": 14.338
            },
            {
                "id": 16,
                "coords": [
                    -19.986856,
                    -43.986751
                ],
                "distance": 19.079
            }
        ]
    },
    {
        "id": 8,
        "coords": [
            -19.8672698,
            -43.9253933
        ],
        "distances": [
            {
                "id": 16,
                "coords": [
                    -19.9218337,
                    -43.9436227
                ],
                "distance": 6.335
            },
            {
                "id": 32,
                "coords": [
                    -19.95058,
                    -43.95855
                ],
                "distance": 9.855
            },
            {
                "id": 37,
                "coords": [
                    -19.83614695,
                    -43.91494628142028
                ],
                "distance": 3.615
            },
            {
                "id": 37,
                "coords": [
                    -19.81754224694853,
                    -43.94853115081787
                ],
                "distance": 6.015
            },
            {
                "id": 36,
                "coords": [
                    -19.9046037,
                    -43.9456041
                ],
                "distance": 4.643
            },
            {
                "id": 3,
                "coords": [
                    -19.92299376755701,
                    -43.95754337310791
                ],
                "distance": 7.028
            },
            {
                "id": 17,
                "coords": [
                    -19.90064015206941,
                    -43.9334811014647
                ],
                "distance": 3.79
            },
            {
                "id": 14,
                "coords": [
                    -19.9270424,
                    -43.9321649
                ],
                "distance": 6.655
            },
            {
                "id": 29,
                "coords": [
                    -19.9253417,
                    -43.9292778
                ],
                "distance": 6.442
            },
            {
                "id": 14,
                "coords": [
                    -19.937524,
                    -43.926453
                ],
                "distance": 7.778
            },
            {
                "id": 31,
                "coords": [
                    -19.93496235976998,
                    -43.92459077722939
                ],
                "distance": 7.494
            },
            {
                "id": 16,
                "coords": [
                    -19.92728280413914,
                    -43.92420556188698
                ],
                "distance": 6.645
            },
            {
                "id": 39,
                "coords": [
                    -19.8157,
                    -43.9542
                ],
                "distance": 6.457
            },
            {
                "id": 8,
                "coords": [
                    -19.92770924386442,
                    -43.92532467842102
                ],
                "distance": 6.691
            },
            {
                "id": 29,
                "coords": [
                    -19.99714408208916,
                    -43.99333477020264
                ],
                "distance": 16.041
            },
            {
                "id": 22,
                "coords": [
                    -19.93507973059874,
                    -43.92482310533524
                ],
                "distance": 7.507
            },
            {
                "id": 32,
                "coords": [
                    -19.926893,
                    -43.897992
                ],
                "distance": 7.197
            },
            {
                "id": 43,
                "coords": [
                    -19.98109273,
                    -43.94527763
                ],
                "distance": 12.771
            },
            {
                "id": 25,
                "coords": [
                    -19.87884548028157,
                    -43.9579188945421
                ],
                "distance": 3.639
            },
            {
                "id": 25,
                "coords": [
                    -19.9296286413479,
                    -43.9286112433532
                ],
                "distance": 6.912
            },
            {
                "id": 10,
                "coords": [
                    -19.91785953821625,
                    -43.95183563232422
                ],
                "distance": 6.248
            },
            {
                "id": 22,
                "coords": [
                    -19.92509,
                    -43.92666
                ],
                "distance": 6.402
            },
            {
                "id": 5,
                "coords": [
                    -19.9250977,
                    -43.9507373
                ],
                "distance": 6.93
            },
            {
                "id": 16,
                "coords": [
                    -19.86961587277236,
                    -43.95153522491455
                ],
                "distance": 2.75
            },
            {
                "id": 18,
                "coords": [
                    -19.9122886,
                    -43.9389298
                ],
                "distance": 5.181
            },
            {
                "id": 41,
                "coords": [
                    -19.91148526864942,
                    -43.98924345800843
                ],
                "distance": 8.287
            },
            {
                "id": 20,
                "coords": [
                    -19.9399314,
                    -43.9128421
                ],
                "distance": 8.151
            },
            {
                "id": 16,
                "coords": [
                    -19.986856,
                    -43.986751
                ],
                "distance": 14.715
            }
        ]
    },
    {
        "id": 8,
        "coords": [
            -19.9211945,
            -43.9343731
        ],
        "distances": [
            {
                "id": 16,
                "coords": [
                    -19.9218337,
                    -43.9436227
                ],
                "distance": 0.971
            },
            {
                "id": 32,
                "coords": [
                    -19.95058,
                    -43.95855
                ],
                "distance": 4.122
            },
            {
                "id": 37,
                "coords": [
                    -19.83614695,
                    -43.91494628142028
                ],
                "distance": 9.632
            },
            {
                "id": 37,
                "coords": [
                    -19.81754224694853,
                    -43.94853115081787
                ],
                "distance": 11.57
            },
            {
                "id": 36,
                "coords": [
                    -19.9046037,
                    -43.9456041
                ],
                "distance": 2.181
            },
            {
                "id": 3,
                "coords": [
                    -19.92299376755701,
                    -43.95754337310791
                ],
                "distance": 2.434
            },
            {
                "id": 17,
                "coords": [
                    -19.90064015206941,
                    -43.9334811014647
                ],
                "distance": 2.277
            },
            {
                "id": 14,
                "coords": [
                    -19.9270424,
                    -43.9321649
                ],
                "distance": 0.687
            },
            {
                "id": 29,
                "coords": [
                    -19.9253417,
                    -43.9292778
                ],
                "distance": 0.704
            },
            {
                "id": 14,
                "coords": [
                    -19.937524,
                    -43.926453
                ],
                "distance": 1.989
            },
            {
                "id": 31,
                "coords": [
                    -19.93496235976998,
                    -43.92459077722939
                ],
                "distance": 1.836
            },
            {
                "id": 16,
                "coords": [
                    -19.92728280413914,
                    -43.92420556188698
                ],
                "distance": 1.26
            },
            {
                "id": 39,
                "coords": [
                    -19.8157,
                    -43.9542
                ],
                "distance": 11.862
            },
            {
                "id": 8,
                "coords": [
                    -19.92770924386442,
                    -43.92532467842102
                ],
                "distance": 1.191
            },
            {
                "id": 29,
                "coords": [
                    -19.99714408208916,
                    -43.99333477020264
                ],
                "distance": 10.43
            },
            {
                "id": 22,
                "coords": [
                    -19.93507973059874,
                    -43.92482310533524
                ],
                "distance": 1.834
            },
            {
                "id": 32,
                "coords": [
                    -19.926893,
                    -43.897992
                ],
                "distance": 3.861
            },
            {
                "id": 43,
                "coords": [
                    -19.98109273,
                    -43.94527763
                ],
                "distance": 6.728
            },
            {
                "id": 25,
                "coords": [
                    -19.87884548028157,
                    -43.9579188945421
                ],
                "distance": 5.297
            },
            {
                "id": 25,
                "coords": [
                    -19.9296286413479,
                    -43.9286112433532
                ],
                "distance": 1.112
            },
            {
                "id": 10,
                "coords": [
                    -19.91785953821625,
                    -43.95183563232422
                ],
                "distance": 1.865
            },
            {
                "id": 22,
                "coords": [
                    -19.92509,
                    -43.92666
                ],
                "distance": 0.915
            },
            {
                "id": 5,
                "coords": [
                    -19.9250977,
                    -43.9507373
                ],
                "distance": 1.767
            },
            {
                "id": 16,
                "coords": [
                    -19.86961587277236,
                    -43.95153522491455
                ],
                "distance": 5.986
            },
            {
                "id": 18,
                "coords": [
                    -19.9122886,
                    -43.9389298
                ],
                "distance": 1.095
            },
            {
                "id": 41,
                "coords": [
                    -19.91148526864942,
                    -43.98924345800843
                ],
                "distance": 5.845
            },
            {
                "id": 20,
                "coords": [
                    -19.9399314,
                    -43.9128421
                ],
                "distance": 3.063
            },
            {
                "id": 16,
                "coords": [
                    -19.986856,
                    -43.986751
                ],
                "distance": 9.105
            }
        ]
    },
    {
        "id": 12,
        "coords": [
            -19.9958793,
            -44.0202838
        ],
        "distances": [
            {
                "id": 16,
                "coords": [
                    -19.9218337,
                    -43.9436227
                ],
                "distance": 11.471
            },
            {
                "id": 32,
                "coords": [
                    -19.95058,
                    -43.95855
                ],
                "distance": 8.179
            },
            {
                "id": 37,
                "coords": [
                    -19.83614695,
                    -43.91494628142028
                ],
                "distance": 20.84
            },
            {
                "id": 37,
                "coords": [
                    -19.81754224694853,
                    -43.94853115081787
                ],
                "distance": 21.124
            },
            {
                "id": 36,
                "coords": [
                    -19.9046037,
                    -43.9456041
                ],
                "distance": 12.776
            },
            {
                "id": 3,
                "coords": [
                    -19.92299376755701,
                    -43.95754337310791
                ],
                "distance": 10.404
            },
            {
                "id": 17,
                "coords": [
                    -19.90064015206941,
                    -43.9334811014647
                ],
                "distance": 13.919
            },
            {
                "id": 14,
                "coords": [
                    -19.9270424,
                    -43.9321649
                ],
                "distance": 11.964
            },
            {
                "id": 29,
                "coords": [
                    -19.9253417,
                    -43.9292778
                ],
                "distance": 12.317
            },
            {
                "id": 14,
                "coords": [
                    -19.937524,
                    -43.926453
                ],
                "distance": 11.755
            },
            {
                "id": 31,
                "coords": [
                    -19.93496235976998,
                    -43.92459077722939
                ],
                "distance": 12.075
            },
            {
                "id": 16,
                "coords": [
                    -19.92728280413914,
                    -43.92420556188698
                ],
                "distance": 12.602
            },
            {
                "id": 39,
                "coords": [
                    -19.8157,
                    -43.9542
                ],
                "distance": 21.113
            },
            {
                "id": 8,
                "coords": [
                    -19.92770924386442,
                    -43.92532467842102
                ],
                "distance": 12.48
            },
            {
                "id": 29,
                "coords": [
                    -19.99714408208916,
                    -43.99333477020264
                ],
                "distance": 2.824
            },
            {
                "id": 22,
                "coords": [
                    -19.93507973059874,
                    -43.92482310533524
                ],
                "distance": 12.047
            },
            {
                "id": 32,
                "coords": [
                    -19.926893,
                    -43.897992
                ],
                "distance": 14.906
            },
            {
                "id": 43,
                "coords": [
                    -19.98109273,
                    -43.94527763
                ],
                "distance": 8.019
            },
            {
                "id": 25,
                "coords": [
                    -19.87884548028157,
                    -43.9579188945421
                ],
                "distance": 14.508
            },
            {
                "id": 25,
                "coords": [
                    -19.9296286413479,
                    -43.9286112433532
                ],
                "distance": 12.077
            },
            {
                "id": 10,
                "coords": [
                    -19.91785953821625,
                    -43.95183563232422
                ],
                "distance": 11.222
            },
            {
                "id": 22,
                "coords": [
                    -19.92509,
                    -43.92666
                ],
                "distance": 12.548
            },
            {
                "id": 5,
                "coords": [
                    -19.9250977,
                    -43.9507373
                ],
                "distance": 10.695
            },
            {
                "id": 16,
                "coords": [
                    -19.86961587277236,
                    -43.95153522491455
                ],
                "distance": 15.722
            },
            {
                "id": 18,
                "coords": [
                    -19.9122886,
                    -43.9389298
                ],
                "distance": 12.576
            },
            {
                "id": 41,
                "coords": [
                    -19.91148526864942,
                    -43.98924345800843
                ],
                "distance": 9.892
            },
            {
                "id": 20,
                "coords": [
                    -19.9399314,
                    -43.9128421
                ],
                "distance": 12.839
            },
            {
                "id": 16,
                "coords": [
                    -19.986856,
                    -43.986751
                ],
                "distance": 3.649
            }
        ]
    },
    {
        "id": 29,
        "coords": [
            -19.9150156,
            -43.9765249
        ],
        "distances": [
            {
                "id": 16,
                "coords": [
                    -19.9218337,
                    -43.9436227
                ],
                "distance": 3.527
            },
            {
                "id": 32,
                "coords": [
                    -19.95058,
                    -43.95855
                ],
                "distance": 4.364
            },
            {
                "id": 37,
                "coords": [
                    -19.83614695,
                    -43.91494628142028
                ],
                "distance": 10.855
            },
            {
                "id": 37,
                "coords": [
                    -19.81754224694853,
                    -43.94853115081787
                ],
                "distance": 11.182
            },
            {
                "id": 36,
                "coords": [
                    -19.9046037,
                    -43.9456041
                ],
                "distance": 3.437
            },
            {
                "id": 3,
                "coords": [
                    -19.92299376755701,
                    -43.95754337310791
                ],
                "distance": 2.175
            },
            {
                "id": 17,
                "coords": [
                    -19.90064015206941,
                    -43.9334811014647
                ],
                "distance": 4.78
            },
            {
                "id": 14,
                "coords": [
                    -19.9270424,
                    -43.9321649
                ],
                "distance": 4.832
            },
            {
                "id": 29,
                "coords": [
                    -19.9253417,
                    -43.9292778
                ],
                "distance": 5.077
            },
            {
                "id": 14,
                "coords": [
                    -19.937524,
                    -43.926453
                ],
                "distance": 5.804
            },
            {
                "id": 31,
                "coords": [
                    -19.93496235976998,
                    -43.92459077722939
                ],
                "distance": 5.869
            },
            {
                "id": 16,
                "coords": [
                    -19.92728280413914,
                    -43.92420556188698
                ],
                "distance": 5.644
            },
            {
                "id": 39,
                "coords": [
                    -19.8157,
                    -43.9542
                ],
                "distance": 11.24
            },
            {
                "id": 8,
                "coords": [
                    -19.92770924386442,
                    -43.92532467842102
                ],
                "distance": 5.542
            },
            {
                "id": 29,
                "coords": [
                    -19.99714408208916,
                    -43.99333477020264
                ],
                "distance": 9.261
            },
            {
                "id": 22,
                "coords": [
                    -19.93507973059874,
                    -43.92482310533524
                ],
                "distance": 5.851
            },
            {
                "id": 32,
                "coords": [
                    -19.926893,
                    -43.897992
                ],
                "distance": 8.327
            },
            {
                "id": 43,
                "coords": [
                    -19.98109273,
                    -43.94527763
                ],
                "distance": 8.013
            },
            {
                "id": 25,
                "coords": [
                    -19.87884548028157,
                    -43.9579188945421
                ],
                "distance": 4.453
            },
            {
                "id": 25,
                "coords": [
                    -19.9296286413479,
                    -43.9286112433532
                ],
                "distance": 5.271
            },
            {
                "id": 10,
                "coords": [
                    -19.91785953821625,
                    -43.95183563232422
                ],
                "distance": 2.604
            },
            {
                "id": 22,
                "coords": [
                    -19.92509,
                    -43.92666
                ],
                "distance": 5.339
            },
            {
                "id": 5,
                "coords": [
                    -19.9250977,
                    -43.9507373
                ],
                "distance": 2.922
            },
            {
                "id": 16,
                "coords": [
                    -19.86961587277236,
                    -43.95153522491455
                ],
                "distance": 5.666
            },
            {
                "id": 18,
                "coords": [
                    -19.9122886,
                    -43.9389298
                ],
                "distance": 3.948
            },
            {
                "id": 41,
                "coords": [
                    -19.91148526864942,
                    -43.98924345800843
                ],
                "distance": 1.388
            },
            {
                "id": 20,
                "coords": [
                    -19.9399314,
                    -43.9128421
                ],
                "distance": 7.215
            },
            {
                "id": 16,
                "coords": [
                    -19.986856,
                    -43.986751
                ],
                "distance": 8.025
            }
        ]
    },
    {
        "id": 14,
        "coords": [
            -19.87062488279604,
            -44.00109171867371
        ],
        "distances": [
            {
                "id": 16,
                "coords": [
                    -19.9218337,
                    -43.9436227
                ],
                "distance": 8.268
            },
            {
                "id": 32,
                "coords": [
                    -19.95058,
                    -43.95855
                ],
                "distance": 9.909
            },
            {
                "id": 37,
                "coords": [
                    -19.83614695,
                    -43.91494628142028
                ],
                "distance": 9.797
            },
            {
                "id": 37,
                "coords": [
                    -19.81754224694853,
                    -43.94853115081787
                ],
                "distance": 8.053
            },
            {
                "id": 36,
                "coords": [
                    -19.9046037,
                    -43.9456041
                ],
                "distance": 6.922
            },
            {
                "id": 3,
                "coords": [
                    -19.92299376755701,
                    -43.95754337310791
                ],
                "distance": 7.376
            },
            {
                "id": 17,
                "coords": [
                    -19.90064015206941,
                    -43.9334811014647
                ],
                "distance": 7.821
            },
            {
                "id": 14,
                "coords": [
                    -19.9270424,
                    -43.9321649
                ],
                "distance": 9.545
            },
            {
                "id": 29,
                "coords": [
                    -19.9253417,
                    -43.9292778
                ],
                "distance": 9.656
            },
            {
                "id": 14,
                "coords": [
                    -19.937524,
                    -43.926453
                ],
                "distance": 10.767
            },
            {
                "id": 31,
                "coords": [
                    -19.93496235976998,
                    -43.92459077722939
                ],
                "distance": 10.719
            },
            {
                "id": 16,
                "coords": [
                    -19.92728280413914,
                    -43.92420556188698
                ],
                "distance": 10.206
            },
            {
                "id": 39,
                "coords": [
                    -19.8157,
                    -43.9542
                ],
                "distance": 7.816
            },
            {
                "id": 8,
                "coords": [
                    -19.92770924386442,
                    -43.92532467842102
                ],
                "distance": 10.143
            },
            {
                "id": 29,
                "coords": [
                    -19.99714408208916,
                    -43.99333477020264
                ],
                "distance": 14.03
            },
            {
                "id": 22,
                "coords": [
                    -19.93507973059874,
                    -43.92482310533524
                ],
                "distance": 10.709
            },
            {
                "id": 32,
                "coords": [
                    -19.926893,
                    -43.897992
                ],
                "distance": 12.464
            },
            {
                "id": 43,
                "coords": [
                    -19.98109273,
                    -43.94527763
                ],
                "distance": 13.554
            },
            {
                "id": 25,
                "coords": [
                    -19.87884548028157,
                    -43.9579188945421
                ],
                "distance": 4.612
            },
            {
                "id": 25,
                "coords": [
                    -19.9296286413479,
                    -43.9286112433532
                ],
                "distance": 10.013
            },
            {
                "id": 10,
                "coords": [
                    -19.91785953821625,
                    -43.95183563232422
                ],
                "distance": 7.345
            },
            {
                "id": 22,
                "coords": [
                    -19.92509,
                    -43.92666
                ],
                "distance": 9.854
            },
            {
                "id": 5,
                "coords": [
                    -19.9250977,
                    -43.9507373
                ],
                "distance": 8.01
            },
            {
                "id": 16,
                "coords": [
                    -19.86961587277236,
                    -43.95153522491455
                ],
                "distance": 5.191
            },
            {
                "id": 18,
                "coords": [
                    -19.9122886,
                    -43.9389298
                ],
                "distance": 7.978
            },
            {
                "id": 41,
                "coords": [
                    -19.91148526864942,
                    -43.98924345800843
                ],
                "distance": 4.69
            },
            {
                "id": 20,
                "coords": [
                    -19.9399314,
                    -43.9128421
                ],
                "distance": 12.011
            },
            {
                "id": 16,
                "coords": [
                    -19.986856,
                    -43.986751
                ],
                "distance": 12.954
            }
        ]
    },
    {
        "id": 42,
        "coords": [
            -19.92205065541476,
            -43.92535150051117
        ],
        "distances": [
            {
                "id": 16,
                "coords": [
                    -19.9218337,
                    -43.9436227
                ],
                "distance": 1.913
            },
            {
                "id": 32,
                "coords": [
                    -19.95058,
                    -43.95855
                ],
                "distance": 4.696
            },
            {
                "id": 37,
                "coords": [
                    -19.83614695,
                    -43.91494628142028
                ],
                "distance": 9.572
            },
            {
                "id": 37,
                "coords": [
                    -19.81754224694853,
                    -43.94853115081787
                ],
                "distance": 11.821
            },
            {
                "id": 36,
                "coords": [
                    -19.9046037,
                    -43.9456041
                ],
                "distance": 2.868
            },
            {
                "id": 3,
                "coords": [
                    -19.92299376755701,
                    -43.95754337310791
                ],
                "distance": 3.372
            },
            {
                "id": 17,
                "coords": [
                    -19.90064015206941,
                    -43.9334811014647
                ],
                "distance": 2.518
            },
            {
                "id": 14,
                "coords": [
                    -19.9270424,
                    -43.9321649
                ],
                "distance": 0.902
            },
            {
                "id": 29,
                "coords": [
                    -19.9253417,
                    -43.9292778
                ],
                "distance": 0.549
            },
            {
                "id": 14,
                "coords": [
                    -19.937524,
                    -43.926453
                ],
                "distance": 1.717
            },
            {
                "id": 31,
                "coords": [
                    -19.93496235976998,
                    -43.92459077722939
                ],
                "distance": 1.432
            },
            {
                "id": 16,
                "coords": [
                    -19.92728280413914,
                    -43.92420556188698
                ],
                "distance": 0.592
            },
            {
                "id": 39,
                "coords": [
                    -19.8157,
                    -43.9542
                ],
                "distance": 12.155
            },
            {
                "id": 8,
                "coords": [
                    -19.92770924386442,
                    -43.92532467842102
                ],
                "distance": 0.626
            },
            {
                "id": 29,
                "coords": [
                    -19.99714408208916,
                    -43.99333477020264
                ],
                "distance": 10.943
            },
            {
                "id": 22,
                "coords": [
                    -19.93507973059874,
                    -43.92482310533524
                ],
                "distance": 1.443
            },
            {
                "id": 32,
                "coords": [
                    -19.926893,
                    -43.897992
                ],
                "distance": 2.914
            },
            {
                "id": 43,
                "coords": [
                    -19.98109273,
                    -43.94527763
                ],
                "distance": 6.861
            },
            {
                "id": 25,
                "coords": [
                    -19.87884548028157,
                    -43.9579188945421
                ],
                "distance": 5.874
            },
            {
                "id": 25,
                "coords": [
                    -19.9296286413479,
                    -43.9286112433532
                ],
                "distance": 0.906
            },
            {
                "id": 10,
                "coords": [
                    -19.91785953821625,
                    -43.95183563232422
                ],
                "distance": 2.811
            },
            {
                "id": 22,
                "coords": [
                    -19.92509,
                    -43.92666
                ],
                "distance": 0.363
            },
            {
                "id": 5,
                "coords": [
                    -19.9250977,
                    -43.9507373
                ],
                "distance": 2.679
            },
            {
                "id": 16,
                "coords": [
                    -19.86961587277236,
                    -43.95153522491455
                ],
                "distance": 6.42
            },
            {
                "id": 18,
                "coords": [
                    -19.9122886,
                    -43.9389298
                ],
                "distance": 1.786
            },
            {
                "id": 41,
                "coords": [
                    -19.91148526864942,
                    -43.98924345800843
                ],
                "distance": 6.791
            },
            {
                "id": 20,
                "coords": [
                    -19.9399314,
                    -43.9128421
                ],
                "distance": 2.373
            },
            {
                "id": 16,
                "coords": [
                    -19.986856,
                    -43.986751
                ],
                "distance": 9.632
            }
        ]
    },
    {
        "id": 41,
        "coords": [
            -19.8033279,
            -43.9897132
        ],
        "distances": [
            {
                "id": 16,
                "coords": [
                    -19.9218337,
                    -43.9436227
                ],
                "distance": 13.979
            },
            {
                "id": 32,
                "coords": [
                    -19.95058,
                    -43.95855
                ],
                "distance": 16.625
            },
            {
                "id": 37,
                "coords": [
                    -19.83614695,
                    -43.91494628142028
                ],
                "distance": 8.635
            },
            {
                "id": 37,
                "coords": [
                    -19.81754224694853,
                    -43.94853115081787
                ],
                "distance": 4.593
            },
            {
                "id": 36,
                "coords": [
                    -19.9046037,
                    -43.9456041
                ],
                "distance": 12.126
            },
            {
                "id": 3,
                "coords": [
                    -19.92299376755701,
                    -43.95754337310791
                ],
                "distance": 13.669
            },
            {
                "id": 17,
                "coords": [
                    -19.90064015206941,
                    -43.9334811014647
                ],
                "distance": 12.278
            },
            {
                "id": 14,
                "coords": [
                    -19.9270424,
                    -43.9321649
                ],
                "distance": 14.963
            },
            {
                "id": 29,
                "coords": [
                    -19.9253417,
                    -43.9292778
                ],
                "distance": 14.917
            },
            {
                "id": 14,
                "coords": [
                    -19.937524,
                    -43.926453
                ],
                "distance": 16.266
            },
            {
                "id": 31,
                "coords": [
                    -19.93496235976998,
                    -43.92459077722939
                ],
                "distance": 16.089
            },
            {
                "id": 16,
                "coords": [
                    -19.92728280413914,
                    -43.92420556188698
                ],
                "distance": 15.342
            },
            {
                "id": 39,
                "coords": [
                    -19.8157,
                    -43.9542
                ],
                "distance": 3.965
            },
            {
                "id": 8,
                "coords": [
                    -19.92770924386442,
                    -43.92532467842102
                ],
                "distance": 15.332
            },
            {
                "id": 29,
                "coords": [
                    -19.99714408208916,
                    -43.99333477020264
                ],
                "distance": 21.459
            },
            {
                "id": 22,
                "coords": [
                    -19.93507973059874,
                    -43.92482310533524
                ],
                "distance": 16.091
            },
            {
                "id": 32,
                "coords": [
                    -19.926893,
                    -43.897992
                ],
                "distance": 16.715
            },
            {
                "id": 43,
                "coords": [
                    -19.98109273,
                    -43.94527763
                ],
                "distance": 20.222
            },
            {
                "id": 25,
                "coords": [
                    -19.87884548028157,
                    -43.9579188945421
                ],
                "distance": 8.999
            },
            {
                "id": 25,
                "coords": [
                    -19.9296286413479,
                    -43.9286112433532
                ],
                "distance": 15.377
            },
            {
                "id": 10,
                "coords": [
                    -19.91785953821625,
                    -43.95183563232422
                ],
                "distance": 13.285
            },
            {
                "id": 22,
                "coords": [
                    -19.92509,
                    -43.92666
                ],
                "distance": 15.01
            },
            {
                "id": 5,
                "coords": [
                    -19.9250977,
                    -43.9507373
                ],
                "distance": 14.085
            },
            {
                "id": 16,
                "coords": [
                    -19.86961587277236,
                    -43.95153522491455
                ],
                "distance": 8.357
            },
            {
                "id": 18,
                "coords": [
                    -19.9122886,
                    -43.9389298
                ],
                "distance": 13.183
            },
            {
                "id": 41,
                "coords": [
                    -19.91148526864942,
                    -43.98924345800843
                ],
                "distance": 11.973
            },
            {
                "id": 20,
                "coords": [
                    -19.9399314,
                    -43.9128421
                ],
                "distance": 17.132
            },
            {
                "id": 16,
                "coords": [
                    -19.986856,
                    -43.986751
                ],
                "distance": 20.319
            }
        ]
    },
    {
        "id": 5,
        "coords": [
            -19.9524934,
            -43.967504
        ],
        "distances": [
            {
                "id": 16,
                "coords": [
                    -19.9218337,
                    -43.9436227
                ],
                "distance": 4.216
            },
            {
                "id": 32,
                "coords": [
                    -19.95058,
                    -43.95855
                ],
                "distance": 0.961
            },
            {
                "id": 37,
                "coords": [
                    -19.83614695,
                    -43.91494628142028
                ],
                "distance": 14.007
            },
            {
                "id": 37,
                "coords": [
                    -19.81754224694853,
                    -43.94853115081787
                ],
                "distance": 15.071
            },
            {
                "id": 36,
                "coords": [
                    -19.9046037,
                    -43.9456041
                ],
                "distance": 5.776
            },
            {
                "id": 3,
                "coords": [
                    -19.92299376755701,
                    -43.95754337310791
                ],
                "distance": 3.428
            },
            {
                "id": 17,
                "coords": [
                    -19.90064015206941,
                    -43.9334811014647
                ],
                "distance": 6.756
            },
            {
                "id": 14,
                "coords": [
                    -19.9270424,
                    -43.9321649
                ],
                "distance": 4.65
            },
            {
                "id": 29,
                "coords": [
                    -19.9253417,
                    -43.9292778
                ],
                "distance": 5.005
            },
            {
                "id": 14,
                "coords": [
                    -19.937524,
                    -43.926453
                ],
                "distance": 4.606
            },
            {
                "id": 31,
                "coords": [
                    -19.93496235976998,
                    -43.92459077722939
                ],
                "distance": 4.894
            },
            {
                "id": 16,
                "coords": [
                    -19.92728280413914,
                    -43.92420556188698
                ],
                "distance": 5.323
            },
            {
                "id": 39,
                "coords": [
                    -19.8157,
                    -43.9542
                ],
                "distance": 15.207
            },
            {
                "id": 8,
                "coords": [
                    -19.92770924386442,
                    -43.92532467842102
                ],
                "distance": 5.199
            },
            {
                "id": 29,
                "coords": [
                    -19.99714408208916,
                    -43.99333477020264
                ],
                "distance": 5.634
            },
            {
                "id": 22,
                "coords": [
                    -19.93507973059874,
                    -43.92482310533524
                ],
                "distance": 4.866
            },
            {
                "id": 32,
                "coords": [
                    -19.926893,
                    -43.897992
                ],
                "distance": 7.809
            },
            {
                "id": 43,
                "coords": [
                    -19.98109273,
                    -43.94527763
                ],
                "distance": 3.929
            },
            {
                "id": 25,
                "coords": [
                    -19.87884548028157,
                    -43.9579188945421
                ],
                "distance": 8.215
            },
            {
                "id": 25,
                "coords": [
                    -19.9296286413479,
                    -43.9286112433532
                ],
                "distance": 4.794
            },
            {
                "id": 10,
                "coords": [
                    -19.91785953821625,
                    -43.95183563232422
                ],
                "distance": 4.17
            },
            {
                "id": 22,
                "coords": [
                    -19.92509,
                    -43.92666
                ],
                "distance": 5.243
            },
            {
                "id": 5,
                "coords": [
                    -19.9250977,
                    -43.9507373
                ],
                "distance": 3.504
            },
            {
                "id": 16,
                "coords": [
                    -19.86961587277236,
                    -43.95153522491455
                ],
                "distance": 9.326
            },
            {
                "id": 18,
                "coords": [
                    -19.9122886,
                    -43.9389298
                ],
                "distance": 5.363
            },
            {
                "id": 41,
                "coords": [
                    -19.91148526864942,
                    -43.98924345800843
                ],
                "distance": 5.078
            },
            {
                "id": 20,
                "coords": [
                    -19.9399314,
                    -43.9128421
                ],
                "distance": 5.889
            },
            {
                "id": 16,
                "coords": [
                    -19.986856,
                    -43.986751
                ],
                "distance": 4.305
            }
        ]
    },
    {
        "id": 21,
        "coords": [
            -19.9039653,
            -43.9058568
        ],
        "distances": [
            {
                "id": 16,
                "coords": [
                    -19.9218337,
                    -43.9436227
                ],
                "distance": 4.421
            },
            {
                "id": 32,
                "coords": [
                    -19.95058,
                    -43.95855
                ],
                "distance": 7.554
            },
            {
                "id": 37,
                "coords": [
                    -19.83614695,
                    -43.91494628142028
                ],
                "distance": 7.568
            },
            {
                "id": 37,
                "coords": [
                    -19.81754224694853,
                    -43.94853115081787
                ],
                "distance": 10.56
            },
            {
                "id": 36,
                "coords": [
                    -19.9046037,
                    -43.9456041
                ],
                "distance": 4.163
            },
            {
                "id": 3,
                "coords": [
                    -19.92299376755701,
                    -43.95754337310791
                ],
                "distance": 5.807
            },
            {
                "id": 17,
                "coords": [
                    -19.90064015206941,
                    -43.9334811014647
                ],
                "distance": 2.916
            },
            {
                "id": 14,
                "coords": [
                    -19.9270424,
                    -43.9321649
                ],
                "distance": 3.757
            },
            {
                "id": 29,
                "coords": [
                    -19.9253417,
                    -43.9292778
                ],
                "distance": 3.408
            },
            {
                "id": 14,
                "coords": [
                    -19.937524,
                    -43.926453
                ],
                "distance": 4.296
            },
            {
                "id": 31,
                "coords": [
                    -19.93496235976998,
                    -43.92459077722939
                ],
                "distance": 3.953
            },
            {
                "id": 16,
                "coords": [
                    -19.92728280413914,
                    -43.92420556188698
                ],
                "distance": 3.218
            },
            {
                "id": 39,
                "coords": [
                    -19.8157,
                    -43.9542
                ],
                "distance": 11.005
            },
            {
                "id": 8,
                "coords": [
                    -19.92770924386442,
                    -43.92532467842102
                ],
                "distance": 3.326
            },
            {
                "id": 29,
                "coords": [
                    -19.99714408208916,
                    -43.99333477020264
                ],
                "distance": 13.793
            },
            {
                "id": 22,
                "coords": [
                    -19.93507973059874,
                    -43.92482310533524
                ],
                "distance": 3.976
            },
            {
                "id": 32,
                "coords": [
                    -19.926893,
                    -43.897992
                ],
                "distance": 2.668
            },
            {
                "id": 43,
                "coords": [
                    -19.98109273,
                    -43.94527763
                ],
                "distance": 9.483
            },
            {
                "id": 25,
                "coords": [
                    -19.87884548028157,
                    -43.9579188945421
                ],
                "distance": 6.12
            },
            {
                "id": 25,
                "coords": [
                    -19.9296286413479,
                    -43.9286112433532
                ],
                "distance": 3.708
            },
            {
                "id": 10,
                "coords": [
                    -19.91785953821625,
                    -43.95183563232422
                ],
                "distance": 5.054
            },
            {
                "id": 22,
                "coords": [
                    -19.92509,
                    -43.92666
                ],
                "distance": 3.196
            },
            {
                "id": 5,
                "coords": [
                    -19.9250977,
                    -43.9507373
                ],
                "distance": 5.249
            },
            {
                "id": 16,
                "coords": [
                    -19.86961587277236,
                    -43.95153522491455
                ],
                "distance": 6.111
            },
            {
                "id": 18,
                "coords": [
                    -19.9122886,
                    -43.9389298
                ],
                "distance": 3.583
            },
            {
                "id": 41,
                "coords": [
                    -19.91148526864942,
                    -43.98924345800843
                ],
                "distance": 8.771
            },
            {
                "id": 20,
                "coords": [
                    -19.9399314,
                    -43.9128421
                ],
                "distance": 4.048
            },
            {
                "id": 16,
                "coords": [
                    -19.986856,
                    -43.986751
                ],
                "distance": 12.487
            }
        ]
    },
    {
        "id": 18,
        "coords": [
            -19.92743438841139,
            -43.97771090269089
        ],
        "distances": [
            {
                "id": 16,
                "coords": [
                    -19.9218337,
                    -43.9436227
                ],
                "distance": 3.622
            },
            {
                "id": 32,
                "coords": [
                    -19.95058,
                    -43.95855
                ],
                "distance": 3.254
            },
            {
                "id": 37,
                "coords": [
                    -19.83614695,
                    -43.91494628142028
                ],
                "distance": 12.055
            },
            {
                "id": 37,
                "coords": [
                    -19.81754224694853,
                    -43.94853115081787
                ],
                "distance": 12.543
            },
            {
                "id": 36,
                "coords": [
                    -19.9046037,
                    -43.9456041
                ],
                "distance": 4.206
            },
            {
                "id": 3,
                "coords": [
                    -19.92299376755701,
                    -43.95754337310791
                ],
                "distance": 2.168
            },
            {
                "id": 17,
                "coords": [
                    -19.90064015206941,
                    -43.9334811014647
                ],
                "distance": 5.5
            },
            {
                "id": 14,
                "coords": [
                    -19.9270424,
                    -43.9321649
                ],
                "distance": 4.769
            },
            {
                "id": 29,
                "coords": [
                    -19.9253417,
                    -43.9292778
                ],
                "distance": 5.076
            },
            {
                "id": 14,
                "coords": [
                    -19.937524,
                    -43.926453
                ],
                "distance": 5.481
            },
            {
                "id": 31,
                "coords": [
                    -19.93496235976998,
                    -43.92459077722939
                ],
                "distance": 5.623
            },
            {
                "id": 16,
                "coords": [
                    -19.92728280413914,
                    -43.92420556188698
                ],
                "distance": 5.602
            },
            {
                "id": 39,
                "coords": [
                    -19.8157,
                    -43.9542
                ],
                "distance": 12.612
            },
            {
                "id": 8,
                "coords": [
                    -19.92770924386442,
                    -43.92532467842102
                ],
                "distance": 5.485
            },
            {
                "id": 29,
                "coords": [
                    -19.99714408208916,
                    -43.99333477020264
                ],
                "distance": 7.889
            },
            {
                "id": 22,
                "coords": [
                    -19.93507973059874,
                    -43.92482310533524
                ],
                "distance": 5.601
            },
            {
                "id": 32,
                "coords": [
                    -19.926893,
                    -43.897992
                ],
                "distance": 8.346
            },
            {
                "id": 43,
                "coords": [
                    -19.98109273,
                    -43.94527763
                ],
                "distance": 6.842
            },
            {
                "id": 25,
                "coords": [
                    -19.87884548028157,
                    -43.9579188945421
                ],
                "distance": 5.764
            },
            {
                "id": 25,
                "coords": [
                    -19.9296286413479,
                    -43.9286112433532
                ],
                "distance": 5.146
            },
            {
                "id": 10,
                "coords": [
                    -19.91785953821625,
                    -43.95183563232422
                ],
                "distance": 2.909
            },
            {
                "id": 22,
                "coords": [
                    -19.92509,
                    -43.92666
                ],
                "distance": 5.351
            },
            {
                "id": 5,
                "coords": [
                    -19.9250977,
                    -43.9507373
                ],
                "distance": 2.836
            },
            {
                "id": 16,
                "coords": [
                    -19.86961587277236,
                    -43.95153522491455
                ],
                "distance": 6.963
            },
            {
                "id": 18,
                "coords": [
                    -19.9122886,
                    -43.9389298
                ],
                "distance": 4.393
            },
            {
                "id": 41,
                "coords": [
                    -19.91148526864942,
                    -43.98924345800843
                ],
                "distance": 2.139
            },
            {
                "id": 20,
                "coords": [
                    -19.9399314,
                    -43.9128421
                ],
                "distance": 6.931
            },
            {
                "id": 16,
                "coords": [
                    -19.986856,
                    -43.986751
                ],
                "distance": 6.646
            }
        ]
    },
    {
        "id": 22,
        "coords": [
            -19.9074299,
            -43.9275903
        ],
        "distances": [
            {
                "id": 16,
                "coords": [
                    -19.9218337,
                    -43.9436227
                ],
                "distance": 2.315
            },
            {
                "id": 32,
                "coords": [
                    -19.95058,
                    -43.95855
                ],
                "distance": 5.773
            },
            {
                "id": 37,
                "coords": [
                    -19.83614695,
                    -43.91494628142028
                ],
                "distance": 8.002
            },
            {
                "id": 37,
                "coords": [
                    -19.81754224694853,
                    -43.94853115081787
                ],
                "distance": 10.19
            },
            {
                "id": 36,
                "coords": [
                    -19.9046037,
                    -43.9456041
                ],
                "distance": 1.912
            },
            {
                "id": 3,
                "coords": [
                    -19.92299376755701,
                    -43.95754337310791
                ],
                "distance": 3.578
            },
            {
                "id": 17,
                "coords": [
                    -19.90064015206941,
                    -43.9334811014647
                ],
                "distance": 0.972
            },
            {
                "id": 14,
                "coords": [
                    -19.9270424,
                    -43.9321649
                ],
                "distance": 2.223
            },
            {
                "id": 29,
                "coords": [
                    -19.9253417,
                    -43.9292778
                ],
                "distance": 1.991
            },
            {
                "id": 14,
                "coords": [
                    -19.937524,
                    -43.926453
                ],
                "distance": 3.334
            },
            {
                "id": 31,
                "coords": [
                    -19.93496235976998,
                    -43.92459077722939
                ],
                "distance": 3.064
            },
            {
                "id": 16,
                "coords": [
                    -19.92728280413914,
                    -43.92420556188698
                ],
                "distance": 2.226
            },
            {
                "id": 39,
                "coords": [
                    -19.8157,
                    -43.9542
                ],
                "distance": 10.53
            },
            {
                "id": 8,
                "coords": [
                    -19.92770924386442,
                    -43.92532467842102
                ],
                "distance": 2.257
            },
            {
                "id": 29,
                "coords": [
                    -19.99714408208916,
                    -43.99333477020264
                ],
                "distance": 12.083
            },
            {
                "id": 22,
                "coords": [
                    -19.93507973059874,
                    -43.92482310533524
                ],
                "distance": 3.075
            },
            {
                "id": 32,
                "coords": [
                    -19.926893,
                    -43.897992
                ],
                "distance": 3.774
            },
            {
                "id": 43,
                "coords": [
                    -19.98109273,
                    -43.94527763
                ],
                "distance": 8.362
            },
            {
                "id": 25,
                "coords": [
                    -19.87884548028157,
                    -43.9579188945421
                ],
                "distance": 4.483
            },
            {
                "id": 25,
                "coords": [
                    -19.9296286413479,
                    -43.9286112433532
                ],
                "distance": 2.46
            },
            {
                "id": 10,
                "coords": [
                    -19.91785953821625,
                    -43.95183563232422
                ],
                "distance": 2.789
            },
            {
                "id": 22,
                "coords": [
                    -19.92509,
                    -43.92666
                ],
                "distance": 1.957
            },
            {
                "id": 5,
                "coords": [
                    -19.9250977,
                    -43.9507373
                ],
                "distance": 3.114
            },
            {
                "id": 16,
                "coords": [
                    -19.86961587277236,
                    -43.95153522491455
                ],
                "distance": 4.88
            },
            {
                "id": 18,
                "coords": [
                    -19.9122886,
                    -43.9389298
                ],
                "distance": 1.303
            },
            {
                "id": 41,
                "coords": [
                    -19.91148526864942,
                    -43.98924345800843
                ],
                "distance": 6.471
            },
            {
                "id": 20,
                "coords": [
                    -19.9399314,
                    -43.9128421
                ],
                "distance": 3.915
            },
            {
                "id": 16,
                "coords": [
                    -19.986856,
                    -43.986751
                ],
                "distance": 10.755
            }
        ]
    },
    {
        "id": 25,
        "coords": [
            -19.93430058831477,
            -43.93303871154785
        ],
        "distances": [
            {
                "id": 16,
                "coords": [
                    -19.9218337,
                    -43.9436227
                ],
                "distance": 1.77
            },
            {
                "id": 32,
                "coords": [
                    -19.95058,
                    -43.95855
                ],
                "distance": 3.222
            },
            {
                "id": 37,
                "coords": [
                    -19.83614695,
                    -43.91494628142028
                ],
                "distance": 11.03
            },
            {
                "id": 37,
                "coords": [
                    -19.81754224694853,
                    -43.94853115081787
                ],
                "distance": 13.027
            },
            {
                "id": 36,
                "coords": [
                    -19.9046037,
                    -43.9456041
                ],
                "distance": 3.541
            },
            {
                "id": 3,
                "coords": [
                    -19.92299376755701,
                    -43.95754337310791
                ],
                "distance": 2.855
            },
            {
                "id": 17,
                "coords": [
                    -19.90064015206941,
                    -43.9334811014647
                ],
                "distance": 3.727
            },
            {
                "id": 14,
                "coords": [
                    -19.9270424,
                    -43.9321649
                ],
                "distance": 0.809
            },
            {
                "id": 29,
                "coords": [
                    -19.9253417,
                    -43.9292778
                ],
                "distance": 1.067
            },
            {
                "id": 14,
                "coords": [
                    -19.937524,
                    -43.926453
                ],
                "distance": 0.776
            },
            {
                "id": 31,
                "coords": [
                    -19.93496235976998,
                    -43.92459077722939
                ],
                "distance": 0.887
            },
            {
                "id": 16,
                "coords": [
                    -19.92728280413914,
                    -43.92420556188698
                ],
                "distance": 1.208
            },
            {
                "id": 39,
                "coords": [
                    -19.8157,
                    -43.9542
                ],
                "distance": 13.315
            },
            {
                "id": 8,
                "coords": [
                    -19.92770924386442,
                    -43.92532467842102
                ],
                "distance": 1.088
            },
            {
                "id": 29,
                "coords": [
                    -19.99714408208916,
                    -43.99333477020264
                ],
                "distance": 9.393
            },
            {
                "id": 22,
                "coords": [
                    -19.93507973059874,
                    -43.92482310533524
                ],
                "distance": 0.864
            },
            {
                "id": 32,
                "coords": [
                    -19.926893,
                    -43.897992
                ],
                "distance": 3.76
            },
            {
                "id": 43,
                "coords": [
                    -19.98109273,
                    -43.94527763
                ],
                "distance": 5.336
            },
            {
                "id": 25,
                "coords": [
                    -19.87884548028157,
                    -43.9579188945421
                ],
                "distance": 6.669
            },
            {
                "id": 25,
                "coords": [
                    -19.9296286413479,
                    -43.9286112433532
                ],
                "distance": 0.695
            },
            {
                "id": 10,
                "coords": [
                    -19.91785953821625,
                    -43.95183563232422
                ],
                "distance": 2.681
            },
            {
                "id": 22,
                "coords": [
                    -19.92509,
                    -43.92666
                ],
                "distance": 1.219
            },
            {
                "id": 5,
                "coords": [
                    -19.9250977,
                    -43.9507373
                ],
                "distance": 2.115
            },
            {
                "id": 16,
                "coords": [
                    -19.86961587277236,
                    -43.95153522491455
                ],
                "distance": 7.418
            },
            {
                "id": 18,
                "coords": [
                    -19.9122886,
                    -43.9389298
                ],
                "distance": 2.514
            },
            {
                "id": 41,
                "coords": [
                    -19.91148526864942,
                    -43.98924345800843
                ],
                "distance": 6.404
            },
            {
                "id": 20,
                "coords": [
                    -19.9399314,
                    -43.9128421
                ],
                "distance": 2.204
            },
            {
                "id": 16,
                "coords": [
                    -19.986856,
                    -43.986751
                ],
                "distance": 8.091
            }
        ]
    },
    {
        "id": 26,
        "coords": [
            -19.9160114,
            -43.9406824
        ],
        "distances": [
            {
                "id": 16,
                "coords": [
                    -19.9218337,
                    -43.9436227
                ],
                "distance": 0.714
            },
            {
                "id": 32,
                "coords": [
                    -19.95058,
                    -43.95855
                ],
                "distance": 4.26
            },
            {
                "id": 37,
                "coords": [
                    -19.83614695,
                    -43.91494628142028
                ],
                "distance": 9.243
            },
            {
                "id": 37,
                "coords": [
                    -19.81754224694853,
                    -43.94853115081787
                ],
                "distance": 10.932
            },
            {
                "id": 36,
                "coords": [
                    -19.9046037,
                    -43.9456041
                ],
                "distance": 1.364
            },
            {
                "id": 3,
                "coords": [
                    -19.92299376755701,
                    -43.95754337310791
                ],
                "distance": 1.927
            },
            {
                "id": 17,
                "coords": [
                    -19.90064015206941,
                    -43.9334811014647
                ],
                "distance": 1.861
            },
            {
                "id": 14,
                "coords": [
                    -19.9270424,
                    -43.9321649
                ],
                "distance": 1.512
            },
            {
                "id": 29,
                "coords": [
                    -19.9253417,
                    -43.9292778
                ],
                "distance": 1.579
            },
            {
                "id": 14,
                "coords": [
                    -19.937524,
                    -43.926453
                ],
                "distance": 2.809
            },
            {
                "id": 31,
                "coords": [
                    -19.93496235976998,
                    -43.92459077722939
                ],
                "distance": 2.691
            },
            {
                "id": 16,
                "coords": [
                    -19.92728280413914,
                    -43.92420556188698
                ],
                "distance": 2.129
            },
            {
                "id": 39,
                "coords": [
                    -19.8157,
                    -43.9542
                ],
                "distance": 11.195
            },
            {
                "id": 8,
                "coords": [
                    -19.92770924386442,
                    -43.92532467842102
                ],
                "distance": 2.065
            },
            {
                "id": 29,
                "coords": [
                    -19.99714408208916,
                    -43.99333477020264
                ],
                "distance": 10.538
            },
            {
                "id": 22,
                "coords": [
                    -19.93507973059874,
                    -43.92482310533524
                ],
                "distance": 2.686
            },
            {
                "id": 32,
                "coords": [
                    -19.926893,
                    -43.897992
                ],
                "distance": 4.629
            },
            {
                "id": 43,
                "coords": [
                    -19.98109273,
                    -43.94527763
                ],
                "distance": 7.221
            },
            {
                "id": 25,
                "coords": [
                    -19.87884548028157,
                    -43.9579188945421
                ],
                "distance": 4.493
            },
            {
                "id": 25,
                "coords": [
                    -19.9296286413479,
                    -43.9286112433532
                ],
                "distance": 1.967
            },
            {
                "id": 10,
                "coords": [
                    -19.91785953821625,
                    -43.95183563232422
                ],
                "distance": 1.186
            },
            {
                "id": 22,
                "coords": [
                    -19.92509,
                    -43.92666
                ],
                "distance": 1.779
            },
            {
                "id": 5,
                "coords": [
                    -19.9250977,
                    -43.9507373
                ],
                "distance": 1.456
            },
            {
                "id": 16,
                "coords": [
                    -19.86961587277236,
                    -43.95153522491455
                ],
                "distance": 5.26
            },
            {
                "id": 18,
                "coords": [
                    -19.9122886,
                    -43.9389298
                ],
                "distance": 0.451
            },
            {
                "id": 41,
                "coords": [
                    -19.91148526864942,
                    -43.98924345800843
                ],
                "distance": 5.109
            },
            {
                "id": 20,
                "coords": [
                    -19.9399314,
                    -43.9128421
                ],
                "distance": 3.938
            },
            {
                "id": 16,
                "coords": [
                    -19.986856,
                    -43.986751
                ],
                "distance": 9.207
            }
        ]
    }
]