{
    "total_ch_hosp": 17784.399999999998,
    "descricao_cbo": {
        "TECNICO DE ENFERMAGEM": 8340.175,
        "ENFERMEIRO": 2266.7,
        "MEDICO RESIDENTE": 840.45,
        "AUXILIAR DE ENFERMAGEM": 734.1750000000001,
        "MEDICO CLINICO": 640.35,
        "FISIOTERAPEUTA GERAL": 448.675,
        "TECNICO EM PATOLOGIA CLINICA": 269.4,
        "TECNICO EM RADIOLOGIA E IMAGENOLOGIA": 244.975,
        "MEDICO PEDIATRA": 237.65,
        "MEDICO ANESTESIOLOGISTA": 236.775
    }
}