[
    {
        "profissional_cbo": "AUXILIAR DE ENFERMAGEM",
        "carga_horaria": 40707,
        "qntd_eqs": 249
    },
    {
        "profissional_cbo": "AUXILIAR DE ENFERMAGEM DO TRABALHO",
        "carga_horaria": 74,
        "qntd_eqs": 2
    },
    {
        "profissional_cbo": "BIOMEDICO",
        "carga_horaria": 3004,
        "qntd_eqs": 26
    },
    {
        "profissional_cbo": "ENFERMEIRO",
        "carga_horaria": 138282,
        "qntd_eqs": 826
    },
    {
        "profissional_cbo": "ENFERMEIRO AUDITOR",
        "carga_horaria": 952,
        "qntd_eqs": 10
    },
    {
        "profissional_cbo": "ENFERMEIRO DE CENTRO CIRURGICO",
        "carga_horaria": 1092,
        "qntd_eqs": 12
    },
    {
        "profissional_cbo": "ENFERMEIRO DE TERAPIA INTENSIVA",
        "carga_horaria": 3100,
        "qntd_eqs": 24
    },
    {
        "profissional_cbo": "ENFERMEIRO DO TRABALHO",
        "carga_horaria": 663,
        "qntd_eqs": 8
    },
    {
        "profissional_cbo": "ENFERMEIRO ESTOMATERAPEUTA",
        "carga_horaria": 30,
        "qntd_eqs": 1
    },
    {
        "profissional_cbo": "ENFERMEIRO NEFROLOGISTA",
        "carga_horaria": 558,
        "qntd_eqs": 9
    },
    {
        "profissional_cbo": "ENFERMEIRO NEONATOLOGISTA",
        "carga_horaria": 3248,
        "qntd_eqs": 20
    },
    {
        "profissional_cbo": "ENFERMEIRO OBSTETRICO",
        "carga_horaria": 7550,
        "qntd_eqs": 46
    },
    {
        "profissional_cbo": "ENFERMEIRO PSIQUIATRICO",
        "carga_horaria": 360,
        "qntd_eqs": 4
    },
    {
        "profissional_cbo": "ENFERMEIRO PUERICULTOR E PEDIATRICO",
        "carga_horaria": 30,
        "qntd_eqs": 1
    },
    {
        "profissional_cbo": "ENGENHEIRO BIOMEDICO",
        "carga_horaria": 0,
        "qntd_eqs": 0
    },
    {
        "profissional_cbo": "MEDICO ACUPUNTURISTA",
        "carga_horaria": 53,
        "qntd_eqs": 3
    },
    {
        "profissional_cbo": "MEDICO ALERGISTA E IMUNOLOGISTA",
        "carga_horaria": 45,
        "qntd_eqs": 4
    },
    {
        "profissional_cbo": "MEDICO ANATOMOPATOLOGISTA",
        "carga_horaria": 280,
        "qntd_eqs": 13
    },
    {
        "profissional_cbo": "MEDICO ANESTESIOLOGISTA",
        "carga_horaria": 16683,
        "qntd_eqs": 109
    },
    {
        "profissional_cbo": "MEDICO ANGIOLOGISTA",
        "carga_horaria": 445,
        "qntd_eqs": 9
    },
    {
        "profissional_cbo": "MEDICO CANCEROLOGISTA CIRURGICO",
        "carga_horaria": 1841,
        "qntd_eqs": 16
    },
    {
        "profissional_cbo": "MEDICO CANCEROLOGISTA PEDIATRICO",
        "carga_horaria": 273,
        "qntd_eqs": 6
    },
    {
        "profissional_cbo": "MEDICO CARDIOLOGISTA",
        "carga_horaria": 6119,
        "qntd_eqs": 46
    },
    {
        "profissional_cbo": "MEDICO CARDIOLOGISTA INTERVENCIONISTA",
        "carga_horaria": 484,
        "qntd_eqs": 9
    },
    {
        "profissional_cbo": "MEDICO CIRURGIAO CARDIOVASCULAR",
        "carga_horaria": 1505,
        "qntd_eqs": 17
    },
    {
        "profissional_cbo": "MEDICO CIRURGIAO DA MAO",
        "carga_horaria": 589,
        "qntd_eqs": 8
    },
    {
        "profissional_cbo": "MEDICO CIRURGIAO DE CABECA E PESCOCO",
        "carga_horaria": 559,
        "qntd_eqs": 10
    },
    {
        "profissional_cbo": "MEDICO CIRURGIAO DO APARELHO DIGESTIVO",
        "carga_horaria": 684,
        "qntd_eqs": 12
    },
    {
        "profissional_cbo": "MEDICO CIRURGIAO GERAL",
        "carga_horaria": 14610,
        "qntd_eqs": 95
    },
    {
        "profissional_cbo": "MEDICO CIRURGIAO PEDIATRICO",
        "carga_horaria": 1168,
        "qntd_eqs": 11
    },
    {
        "profissional_cbo": "MEDICO CIRURGIAO PLASTICO",
        "carga_horaria": 3056,
        "qntd_eqs": 29
    },
    {
        "profissional_cbo": "MEDICO CIRURGIAO TORACICO",
        "carga_horaria": 734,
        "qntd_eqs": 17
    },
    {
        "profissional_cbo": "MEDICO CITOPATOLOGISTA",
        "carga_horaria": 32,
        "qntd_eqs": 5
    },
    {
        "profissional_cbo": "MEDICO CLINICO",
        "carga_horaria": 45256,
        "qntd_eqs": 277
    },
    {
        "profissional_cbo": "MEDICO COLOPROCTOLOGISTA",
        "carga_horaria": 1143,
        "qntd_eqs": 16
    },
    {
        "profissional_cbo": "MEDICO DE FAMILIA E COMUNIDADE",
        "carga_horaria": 540,
        "qntd_eqs": 5
    },
    {
        "profissional_cbo": "MEDICO DERMATOLOGISTA",
        "carga_horaria": 925,
        "qntd_eqs": 15
    },
    {
        "profissional_cbo": "MEDICO DO TRABALHO",
        "carga_horaria": 667,
        "qntd_eqs": 10
    },
    {
        "profissional_cbo": "MEDICO EM CIRURGIA VASCULAR",
        "carga_horaria": 2052,
        "qntd_eqs": 21
    },
    {
        "profissional_cbo": "MEDICO EM ENDOSCOPIA",
        "carga_horaria": 1063,
        "qntd_eqs": 15
    },
    {
        "profissional_cbo": "MEDICO EM MEDICINA INTENSIVA",
        "carga_horaria": 8135,
        "qntd_eqs": 58
    },
    {
        "profissional_cbo": "MEDICO EM MEDICINA NUCLEAR",
        "carga_horaria": 392,
        "qntd_eqs": 9
    },
    {
        "profissional_cbo": "MEDICO EM MEDICINA PREVENTIVA E SOCIAL",
        "carga_horaria": 76,
        "qntd_eqs": 2
    },
    {
        "profissional_cbo": "MEDICO EM RADIOLOGIA E DIAGNOSTICO POR IMAGEM",
        "carga_horaria": 4805,
        "qntd_eqs": 38
    },
    {
        "profissional_cbo": "MEDICO ENDOCRINOLOGISTA E METABOLOGISTA",
        "carga_horaria": 803,
        "qntd_eqs": 16
    },
    {
        "profissional_cbo": "MEDICO FISIATRA",
        "carga_horaria": 48,
        "qntd_eqs": 2
    },
    {
        "profissional_cbo": "MEDICO GASTROENTEROLOGISTA",
        "carga_horaria": 988,
        "qntd_eqs": 14
    },
    {
        "profissional_cbo": "MEDICO GENERALISTA",
        "carga_horaria": 3816,
        "qntd_eqs": 31
    },
    {
        "profissional_cbo": "MEDICO GENETICISTA",
        "carga_horaria": 119,
        "qntd_eqs": 3
    },
    {
        "profissional_cbo": "MEDICO GERIATRA",
        "carga_horaria": 1187,
        "qntd_eqs": 12
    },
    {
        "profissional_cbo": "MEDICO GINECOLOGISTA E OBSTETRA",
        "carga_horaria": 7783,
        "qntd_eqs": 54
    },
    {
        "profissional_cbo": "MEDICO HEMATOLOGISTA",
        "carga_horaria": 1667,
        "qntd_eqs": 22
    },
    {
        "profissional_cbo": "MEDICO HEMOTERAPEUTA",
        "carga_horaria": 283,
        "qntd_eqs": 8
    },
    {
        "profissional_cbo": "MEDICO HOMEOPATA",
        "carga_horaria": 5,
        "qntd_eqs": 1
    },
    {
        "profissional_cbo": "MEDICO INFECTOLOGISTA",
        "carga_horaria": 1623,
        "qntd_eqs": 24
    },
    {
        "profissional_cbo": "MEDICO MASTOLOGISTA",
        "carga_horaria": 900,
        "qntd_eqs": 13
    },
    {
        "profissional_cbo": "MEDICO NEFROLOGISTA",
        "carga_horaria": 2810,
        "qntd_eqs": 26
    },
    {
        "profissional_cbo": "MEDICO NEUROCIRURGIAO",
        "carga_horaria": 3425,
        "qntd_eqs": 28
    },
    {
        "profissional_cbo": "MEDICO NEUROFISIOLOGISTA CLINICO",
        "carga_horaria": 92,
        "qntd_eqs": 5
    },
    {
        "profissional_cbo": "MEDICO NEUROLOGISTA",
        "carga_horaria": 4599,
        "qntd_eqs": 40
    },
    {
        "profissional_cbo": "MEDICO NUTROLOGISTA",
        "carga_horaria": 451,
        "qntd_eqs": 15
    },
    {
        "profissional_cbo": "MEDICO OFTALMOLOGISTA",
        "carga_horaria": 12841,
        "qntd_eqs": 87
    },
    {
        "profissional_cbo": "MEDICO ONCOLOGISTA CLINICO",
        "carga_horaria": 3355,
        "qntd_eqs": 26
    },
    {
        "profissional_cbo": "MEDICO ORTOPEDISTA E TRAUMATOLOGISTA",
        "carga_horaria": 11159,
        "qntd_eqs": 73
    },
    {
        "profissional_cbo": "MEDICO OTORRINOLARINGOLOGISTA",
        "carga_horaria": 1834,
        "qntd_eqs": 20
    },
    {
        "profissional_cbo": "MEDICO PATOLOGISTA",
        "carga_horaria": 130,
        "qntd_eqs": 7
    },
    {
        "profissional_cbo": "MEDICO PATOLOGISTA CLINICO  MEDICINA LABORATORIAL",
        "carga_horaria": 463,
        "qntd_eqs": 7
    },
    {
        "profissional_cbo": "MEDICO PEDIATRA",
        "carga_horaria": 16736,
        "qntd_eqs": 105
    },
    {
        "profissional_cbo": "MEDICO PNEUMOLOGISTA",
        "carga_horaria": 1022,
        "qntd_eqs": 14
    },
    {
        "profissional_cbo": "MEDICO PSIQUIATRA",
        "carga_horaria": 2310,
        "qntd_eqs": 25
    },
    {
        "profissional_cbo": "MEDICO RADIOLOGISTA INTERVENCIONISTA",
        "carga_horaria": 152,
        "qntd_eqs": 8
    },
    {
        "profissional_cbo": "MEDICO RADIOTERAPEUTA",
        "carga_horaria": 505,
        "qntd_eqs": 9
    },
    {
        "profissional_cbo": "MEDICO RESIDENTE",
        "carga_horaria": 65543,
        "qntd_eqs": 393
    },
    {
        "profissional_cbo": "MEDICO REUMATOLOGISTA",
        "carga_horaria": 545,
        "qntd_eqs": 10
    },
    {
        "profissional_cbo": "MEDICO SANITARISTA",
        "carga_horaria": 24,
        "qntd_eqs": 1
    },
    {
        "profissional_cbo": "MEDICO UROLOGISTA",
        "carga_horaria": 2262,
        "qntd_eqs": 24
    },
    {
        "profissional_cbo": "MEDICO VETERINARIO",
        "carga_horaria": 0,
        "qntd_eqs": 0
    },
    {
        "profissional_cbo": "NUTRICIONISTA",
        "carga_horaria": 9333,
        "qntd_eqs": 66
    },
    {
        "profissional_cbo": "RECEPCIONISTA DE CONSULTORIO MEDICO OU DENTARIO",
        "carga_horaria": 0,
        "qntd_eqs": 0
    },
    {
        "profissional_cbo": "TECNICO EM EQUIPAMENTO MEDICO HOSPITALAR",
        "carga_horaria": 0,
        "qntd_eqs": 0
    },
    {
        "profissional_cbo": "TECNICO EM MANUTENCAO DE EQUIPAMENTOS E INSTRUMENTOS MEDICOHOSPITALARES",
        "carga_horaria": 0,
        "qntd_eqs": 0
    }
]