[
    {
        "profissional_cbo": "AUXILIAR DE ENFERMAGEM",
        "carga_horaria": 10586,
        "qntd_eqs": 68
    },
    {
        "profissional_cbo": "AUXILIAR DE ENFERMAGEM DA ESTRATEGIA DE SAUDE DA FAMILIA",
        "carga_horaria": 40,
        "qntd_eqs": 1
    },
    {
        "profissional_cbo": "ENFERMEIRO",
        "carga_horaria": 11361,
        "qntd_eqs": 73
    },
    {
        "profissional_cbo": "ENFERMEIRO DA ESTRATEGIA DE SAUDE DA FAMILIA",
        "carga_horaria": 80,
        "qntd_eqs": 2
    },
    {
        "profissional_cbo": "MEDICO ACUPUNTURISTA",
        "carga_horaria": 20,
        "qntd_eqs": 1
    },
    {
        "profissional_cbo": "MEDICO ANESTESIOLOGISTA",
        "carga_horaria": 20,
        "qntd_eqs": 1
    },
    {
        "profissional_cbo": "MEDICO ANGIOLOGISTA",
        "carga_horaria": 141,
        "qntd_eqs": 4
    },
    {
        "profissional_cbo": "MEDICO CARDIOLOGISTA",
        "carga_horaria": 134,
        "qntd_eqs": 3
    },
    {
        "profissional_cbo": "MEDICO CIRURGIAO CARDIOVASCULAR",
        "carga_horaria": 39,
        "qntd_eqs": 2
    },
    {
        "profissional_cbo": "MEDICO CIRURGIAO DE CABECA E PESCOCO",
        "carga_horaria": 12,
        "qntd_eqs": 1
    },
    {
        "profissional_cbo": "MEDICO CIRURGIAO GERAL",
        "carga_horaria": 1114,
        "qntd_eqs": 12
    },
    {
        "profissional_cbo": "MEDICO CIRURGIAO PEDIATRICO",
        "carga_horaria": 40,
        "qntd_eqs": 2
    },
    {
        "profissional_cbo": "MEDICO CIRURGIAO PLASTICO",
        "carga_horaria": 132,
        "qntd_eqs": 2
    },
    {
        "profissional_cbo": "MEDICO CLINICO",
        "carga_horaria": 6696,
        "qntd_eqs": 47
    },
    {
        "profissional_cbo": "MEDICO COLOPROCTOLOGISTA",
        "carga_horaria": 136,
        "qntd_eqs": 1
    },
    {
        "profissional_cbo": "MEDICO DA ESTRATEGIA DE SAUDE DA FAMILIA",
        "carga_horaria": 128,
        "qntd_eqs": 5
    },
    {
        "profissional_cbo": "MEDICO DE FAMILIA E COMUNIDADE",
        "carga_horaria": 36,
        "qntd_eqs": 1
    },
    {
        "profissional_cbo": "MEDICO DERMATOLOGISTA",
        "carga_horaria": 24,
        "qntd_eqs": 2
    },
    {
        "profissional_cbo": "MEDICO DO TRABALHO",
        "carga_horaria": 24,
        "qntd_eqs": 1
    },
    {
        "profissional_cbo": "MEDICO EM CIRURGIA VASCULAR",
        "carga_horaria": 40,
        "qntd_eqs": 2
    },
    {
        "profissional_cbo": "MEDICO EM ENDOSCOPIA",
        "carga_horaria": 60,
        "qntd_eqs": 1
    },
    {
        "profissional_cbo": "MEDICO EM RADIOLOGIA E DIAGNOSTICO POR IMAGEM",
        "carga_horaria": 60,
        "qntd_eqs": 1
    },
    {
        "profissional_cbo": "MEDICO ENDOCRINOLOGISTA E METABOLOGISTA",
        "carga_horaria": 104,
        "qntd_eqs": 3
    },
    {
        "profissional_cbo": "MEDICO FISIATRA",
        "carga_horaria": 20,
        "qntd_eqs": 1
    },
    {
        "profissional_cbo": "MEDICO GASTROENTEROLOGISTA",
        "carga_horaria": 156,
        "qntd_eqs": 4
    },
    {
        "profissional_cbo": "MEDICO GENERALISTA",
        "carga_horaria": 11072,
        "qntd_eqs": 72
    },
    {
        "profissional_cbo": "MEDICO GENETICISTA",
        "carga_horaria": 32,
        "qntd_eqs": 1
    },
    {
        "profissional_cbo": "MEDICO GINECOLOGISTA E OBSTETRA",
        "carga_horaria": 232,
        "qntd_eqs": 4
    },
    {
        "profissional_cbo": "MEDICO HEMATOLOGISTA",
        "carga_horaria": 40,
        "qntd_eqs": 2
    },
    {
        "profissional_cbo": "MEDICO INFECTOLOGISTA",
        "carga_horaria": 152,
        "qntd_eqs": 2
    },
    {
        "profissional_cbo": "MEDICO MASTOLOGISTA",
        "carga_horaria": 68,
        "qntd_eqs": 3
    },
    {
        "profissional_cbo": "MEDICO NEFROLOGISTA",
        "carga_horaria": 300,
        "qntd_eqs": 3
    },
    {
        "profissional_cbo": "MEDICO NEUROCIRURGIAO",
        "carga_horaria": 24,
        "qntd_eqs": 2
    },
    {
        "profissional_cbo": "MEDICO NEUROLOGISTA",
        "carga_horaria": 166,
        "qntd_eqs": 5
    },
    {
        "profissional_cbo": "MEDICO ORTOPEDISTA E TRAUMATOLOGISTA",
        "carga_horaria": 648,
        "qntd_eqs": 9
    },
    {
        "profissional_cbo": "MEDICO OTORRINOLARINGOLOGISTA",
        "carga_horaria": 60,
        "qntd_eqs": 2
    },
    {
        "profissional_cbo": "MEDICO PEDIATRA",
        "carga_horaria": 1240,
        "qntd_eqs": 14
    },
    {
        "profissional_cbo": "MEDICO PNEUMOLOGISTA",
        "carga_horaria": 180,
        "qntd_eqs": 3
    },
    {
        "profissional_cbo": "MEDICO REUMATOLOGISTA",
        "carga_horaria": 172,
        "qntd_eqs": 3
    },
    {
        "profissional_cbo": "MEDICO UROLOGISTA",
        "carga_horaria": 236,
        "qntd_eqs": 4
    },
    {
        "profissional_cbo": "NUTRICIONISTA",
        "carga_horaria": 360,
        "qntd_eqs": 9
    },
    {
        "profissional_cbo": "RECEPCIONISTA DE CONSULTORIO MEDICO OU DENTARIO",
        "carga_horaria": 0,
        "qntd_eqs": 0
    }
]